eccitatore,forma,budget,descrittore,n,min_pct,p10_pct,media_pct,p90_pct,max_pct,min_ass,media_ass,max_ass
bird,bar,rete,spectral_centroid,10,0.07,0.28,3.03,7.42,7.56,4.96479,243.209,1033.29
bird,chaotic,rete,spectral_centroid,10,1.37,2.51,8.82,17.36,22.04,26.2004,391.704,870.933
bird,membrane,rete,spectral_centroid,10,2.21,8.29,16.19,24.69,29.42,134.295,1192.67,3482.25
bird,plate_circ,rete,spectral_centroid,10,0.21,0.61,8.04,16.55,21.18,3.05373,642.999,1977.05
bird,plate_rect,rete,spectral_centroid,10,0.65,0.73,14.21,30.54,30.54,24.3204,554.614,1240.58
bird,soundboard,rete,spectral_centroid,10,1.02,1.23,12.30,20.52,42.42,44.5036,988.737,3626.34
bird,tube,rete,spectral_centroid,10,2.29,2.90,7.38,14.90,17.76,114.14,451.941,1182.36
blow,bar,rete,spectral_centroid,10,0.12,0.87,9.44,15.11,44.20,1.2103,1041.64,7490.21
blow,chaotic,rete,spectral_centroid,10,0.33,0.62,4.02,6.61,16.03,21.9033,559.602,1435.02
blow,membrane,rete,spectral_centroid,10,0.37,0.78,13.79,35.57,63.28,4.14393,738.051,1764.47
blow,plate_circ,rete,spectral_centroid,10,0.59,0.60,5.53,10.90,12.77,3.88352,512.879,1536.63
blow,plate_rect,rete,spectral_centroid,10,0.06,0.91,7.34,16.81,22.35,24.9324,529.697,2741.92
blow,soundboard,rete,spectral_centroid,10,2.18,2.24,9.73,16.39,16.53,110.278,855.789,2104.63
blow,tube,rete,spectral_centroid,10,0.52,1.42,6.27,11.01,17.40,11.9056,527.134,1742.8
bow,bar,rete,spectral_centroid,10,2.55,2.76,10.68,20.48,32.59,55.1656,386.015,1113.93
bow,chaotic,rete,spectral_centroid,10,0.13,0.36,7.65,17.75,29.78,4.57176,491.325,1682.36
bow,membrane,rete,spectral_centroid,10,0.14,0.62,3.60,7.03,10.88,7.0476,382.094,2528.11
bow,plate_circ,rete,spectral_centroid,10,0.61,1.55,3.88,6.66,12.20,13.3811,155.478,581.39
bow,plate_rect,rete,spectral_centroid,10,0.24,0.91,9.07,25.77,27.97,2.48038,572.146,2256.89
bow,soundboard,rete,spectral_centroid,10,0.50,0.75,12.03,20.28,67.68,40.2314,432.196,1736.63
bow,tube,rete,spectral_centroid,10,0.48,1.66,17.13,27.59,93.32,16.2411,895.42,4150.3
chaos,bar,rete,spectral_centroid,10,1.02,1.34,4.31,10.40,10.60,6.30814,482.446,1110.63
chaos,chaotic,rete,spectral_centroid,10,0.08,0.12,3.39,9.21,15.22,3.86746,294.003,701.142
chaos,membrane,rete,spectral_centroid,10,1.42,1.51,6.98,12.51,15.81,177.421,642.397,1663.33
chaos,plate_circ,rete,spectral_centroid,10,0.38,0.62,9.76,25.05,46.85,4.81872,480.537,1344.48
chaos,plate_rect,rete,spectral_centroid,10,0.84,0.98,5.40,11.30,16.96,5.42761,504.904,1290.14
chaos,soundboard,rete,spectral_centroid,10,0.13,0.32,4.91,15.85,15.85,25.4144,987.071,3392.59
chaos,tube,rete,spectral_centroid,10,0.04,0.41,6.39,20.08,26.07,6.36051,419.349,890.127
mechanical,bar,rete,spectral_centroid,10,0.43,2.53,9.73,18.45,33.67,161.951,1340.58,4487.82
mechanical,chaotic,rete,spectral_centroid,10,1.70,2.83,6.91,9.32,16.50,119.65,959.29,2542.71
mechanical,membrane,rete,spectral_centroid,10,0.84,0.96,3.70,6.69,7.35,8.74558,582.652,2012.22
mechanical,plate_circ,rete,spectral_centroid,10,1.05,1.78,9.48,18.27,21.28,57.9009,1228.76,3962.67
mechanical,plate_rect,rete,spectral_centroid,10,0.62,1.90,6.46,11.53,14.54,3.62293,731.014,3010.94
mechanical,soundboard,rete,spectral_centroid,10,0.75,1.10,5.80,13.75,16.74,156.763,744.644,2481.72
mechanical,tube,rete,spectral_centroid,10,0.12,0.40,5.61,10.42,16.35,30.6851,1110.18,4565.16
noise,bar,rete,spectral_centroid,10,0.45,0.90,11.84,30.21,40.27,7.31333,458.603,2689.9
noise,chaotic,rete,spectral_centroid,10,2.84,3.13,29.50,41.69,202.58,21.5194,1113.11,5012.19
noise,membrane,rete,spectral_centroid,10,0.68,1.47,38.47,150.46,167.95,17.4912,498.271,2238.67
noise,plate_circ,rete,spectral_centroid,10,1.45,1.46,26.30,44.00,174.20,4.91735,608.777,2353.24
noise,plate_rect,rete,spectral_centroid,10,0.21,1.72,4.47,7.88,14.11,11.2547,314.14,2017.31
noise,soundboard,rete,spectral_centroid,10,0.63,0.67,12.73,23.60,25.91,13.1111,788.752,3629
noise,tube,rete,spectral_centroid,10,0.55,1.32,19.73,33.65,138.12,56.2083,926.829,3509.89
pluck,bar,rete,spectral_centroid,10,0.67,2.17,11.81,27.07,53.47,7.01684,309.943,1045
pluck,chaotic,rete,spectral_centroid,10,0.11,1.43,11.42,28.84,40.87,1.50373,201.38,632.418
pluck,membrane,rete,spectral_centroid,10,0.04,0.15,5.79,11.67,23.36,0.578139,183.536,1124.34
pluck,plate_circ,rete,spectral_centroid,10,0.51,0.94,7.05,15.48,22.50,11.8483,137.137,435.178
pluck,plate_rect,rete,spectral_centroid,10,0.55,0.75,9.53,17.32,19.21,2.62344,239.89,973.915
pluck,soundboard,rete,spectral_centroid,10,0.70,2.18,11.60,28.06,37.73,18.6396,276.497,969.648
pluck,tube,rete,spectral_centroid,10,2.32,2.87,9.71,22.63,31.88,53.7534,225.171,658.306
shaker,bar,rete,spectral_centroid,10,0.29,0.54,5.12,11.34,15.82,5.89687,226.836,1190.59
shaker,chaotic,rete,spectral_centroid,10,0.09,0.11,3.33,6.82,7.26,1.68752,105.359,429.52
shaker,membrane,rete,spectral_centroid,10,0.07,0.53,3.34,8.82,8.92,1.45398,127.622,462.365
shaker,plate_circ,rete,spectral_centroid,10,0.42,1.05,5.98,8.73,13.14,8.13779,191.925,585.48
shaker,plate_rect,rete,spectral_centroid,10,0.05,0.63,3.97,8.22,10.77,1.86314,242.094,1563.3
shaker,soundboard,rete,spectral_centroid,10,0.10,4.05,8.89,20.69,22.60,2.30478,336.794,1181.04
shaker,tube,rete,spectral_centroid,10,0.02,0.48,5.43,11.53,14.24,0.177418,157.402,353.68
strike,bar,rete,spectral_centroid,10,0.06,0.27,7.57,19.87,28.13,0.872897,373.389,2862.85
strike,chaotic,rete,spectral_centroid,10,0.10,0.15,10.31,17.09,63.11,1.20029,172.144,996.787
strike,membrane,rete,spectral_centroid,10,0.37,2.35,9.18,15.28,19.63,18.2976,110.8,222.62
strike,plate_circ,rete,spectral_centroid,10,0.32,0.77,6.67,9.90,39.59,2.57437,79.6441,324.899
strike,plate_rect,rete,spectral_centroid,10,0.12,0.23,5.37,11.94,15.93,1.98163,80.9173,271.419
strike,soundboard,rete,spectral_centroid,10,0.12,0.20,4.24,12.51,12.68,1.03685,151.551,605.478
strike,tube,rete,spectral_centroid,10,0.17,0.31,3.56,6.91,7.31,4.32291,100.307,535.39
vocal,bar,rete,spectral_centroid,10,0.12,2.16,5.20,9.00,13.81,1.99243,475.12,1107.94
vocal,chaotic,rete,spectral_centroid,10,0.50,2.45,7.13,12.77,20.91,7.53752,681.547,1467.76
vocal,membrane,rete,spectral_centroid,10,0.52,0.62,4.24,8.69,10.82,3.49267,291.88,991.141
vocal,plate_circ,rete,spectral_centroid,10,1.48,3.39,10.68,18.82,47.34,39.4606,986.968,2939.06
vocal,plate_rect,rete,spectral_centroid,10,1.34,1.52,5.64,11.26,13.32,13.7792,341.014,1075.51
vocal,soundboard,rete,spectral_centroid,10,3.32,3.69,11.81,30.99,35.32,124.064,595.562,1169.66
vocal,tube,rete,spectral_centroid,10,1.03,1.32,4.12,8.97,11.39,66.2195,527.706,1614.54
bird,bar,rete,spectral_spread,10,0.56,1.21,7.56,15.55,17.48,6.48163,458.209,2053.9
bird,chaotic,rete,spectral_spread,10,1.68,2.92,7.89,14.49,14.77,39.776,411.218,1465.1
bird,membrane,rete,spectral_spread,10,0.45,1.29,11.27,23.13,35.93,19.005,1068.15,3312.21
bird,plate_circ,rete,spectral_spread,10,2.34,2.74,9.41,15.62,30.17,35.3131,591.714,1867.74
bird,plate_rect,rete,spectral_spread,10,2.44,2.44,13.94,30.64,41.80,35.0537,505.899,2129.98
bird,soundboard,rete,spectral_spread,10,0.69,1.52,11.23,18.62,51.29,50.288,998.088,5879.56
bird,tube,rete,spectral_spread,10,1.10,1.33,6.23,15.95,18.05,24.5047,382.773,1188.87
blow,bar,rete,spectral_spread,10,1.17,2.76,12.13,28.12,29.07,43.645,960.434,4109.25
blow,chaotic,rete,spectral_spread,10,0.08,0.16,3.68,6.33,11.19,9.84979,745.41,1668.77
blow,membrane,rete,spectral_spread,10,0.43,0.85,8.84,17.77,29.28,9.89984,833.875,2574.11
blow,plate_circ,rete,spectral_spread,10,0.37,0.58,2.85,5.85,7.20,4.03169,274.156,1123.72
blow,plate_rect,rete,spectral_spread,10,0.01,0.09,8.53,18.53,48.13,4.65072,681.558,3394.35
blow,soundboard,rete,spectral_spread,10,0.19,0.32,6.98,11.01,23.70,60.75,541.075,1309.59
blow,tube,rete,spectral_spread,10,0.38,1.15,8.57,15.45,28.17,6.47965,803.928,3244.66
bow,bar,rete,spectral_spread,10,0.04,0.26,10.12,17.71,44.38,2.46634,450.58,1697.45
bow,chaotic,rete,spectral_spread,10,0.60,0.99,8.81,13.83,31.91,17.6172,596.706,2606.57
bow,membrane,rete,spectral_spread,10,0.13,0.93,9.19,28.10,34.35,23.7905,349.36,1895.75
bow,plate_circ,rete,spectral_spread,10,0.27,1.62,7.19,14.81,17.61,6.36291,361.369,864.918
bow,plate_rect,rete,spectral_spread,10,0.79,0.87,7.58,20.76,21.08,0.915133,704.669,2140.76
bow,soundboard,rete,spectral_spread,10,0.16,0.46,13.36,21.92,90.70,13.7542,543.183,2970.99
bow,tube,rete,spectral_spread,10,0.39,1.03,11.50,15.88,76.57,27.8155,703.792,3753.56
chaos,bar,rete,spectral_spread,10,0.13,0.45,5.24,14.60,16.14,30.9404,413.576,1503.99
chaos,chaotic,rete,spectral_spread,10,0.10,0.11,3.44,9.93,12.39,21.1911,201.572,690.104
chaos,membrane,rete,spectral_spread,10,0.06,0.08,4.54,7.17,20.30,16.5129,600.251,2328.53
chaos,plate_circ,rete,spectral_spread,10,0.01,0.32,9.98,18.94,63.01,1.56895,386.354,1152.38
chaos,plate_rect,rete,spectral_spread,10,0.01,0.06,4.93,12.56,21.31,2.3344,615.642,2396.13
chaos,soundboard,rete,spectral_spread,10,0.03,0.05,1.09,2.48,3.03,2.53674,248.039,661.747
chaos,tube,rete,spectral_spread,10,0.02,0.31,5.39,19.23,29.18,4.37179,284.799,998.965
mechanical,bar,rete,spectral_spread,10,0.03,0.21,10.22,24.10,35.00,1.33771,1416.36,5159.31
mechanical,chaotic,rete,spectral_spread,10,0.27,1.29,7.44,22.02,23.57,68.592,514.001,1142.83
mechanical,membrane,rete,spectral_spread,10,0.57,0.67,7.62,14.51,34.83,11.3686,297.597,863.425
mechanical,plate_circ,rete,spectral_spread,10,0.53,2.32,7.95,18.71,27.38,8.51528,1091.28,3515.88
mechanical,plate_rect,rete,spectral_spread,10,0.70,1.74,9.95,19.02,35.58,5.87843,409.507,1234.81
mechanical,soundboard,rete,spectral_spread,10,0.16,0.71,7.73,23.83,26.60,39.5421,671.466,3826.74
mechanical,tube,rete,spectral_spread,10,0.01,0.07,2.53,5.63,6.99,2.5237,562.7,1712.4
noise,bar,rete,spectral_spread,10,1.07,2.27,11.99,27.49,35.49,42.5384,874.499,4522.44
noise,chaotic,rete,spectral_spread,10,3.32,4.79,32.66,58.27,171.49,15.3586,1469.05,6244.53
noise,membrane,rete,spectral_spread,10,0.28,2.16,26.94,84.19,128.67,0.72363,236.09,703.657
noise,plate_circ,rete,spectral_spread,10,4.08,4.48,20.67,51.41,80.88,26.3695,676.667,5027.77
noise,plate_rect,rete,spectral_spread,10,0.03,0.05,4.58,9.69,14.07,0.0623562,237.194,1263.42
noise,soundboard,rete,spectral_spread,10,1.88,4.12,15.68,29.79,42.79,46.6843,843.239,4179.16
noise,tube,rete,spectral_spread,10,0.32,0.69,13.06,28.91,70.38,35.1265,685.846,2416.43
pluck,bar,rete,spectral_spread,10,4.05,4.88,11.20,19.62,21.68,37.3461,261.65,793.122
pluck,chaotic,rete,spectral_spread,10,1.27,7.03,18.04,32.41,41.29,24.1728,172.425,716.511
pluck,membrane,rete,spectral_spread,10,2.33,4.15,10.04,14.27,16.14,28.6788,187.919,808.756
pluck,plate_circ,rete,spectral_spread,10,2.74,3.04,12.44,30.52,35.02,23.5728,165.624,480.592
pluck,plate_rect,rete,spectral_spread,10,0.84,2.30,7.02,13.09,15.43,3.97809,153.676,786.669
pluck,soundboard,rete,spectral_spread,10,0.54,0.85,17.49,35.69,108.10,17.2756,361.91,1282.07
pluck,tube,rete,spectral_spread,10,0.17,1.89,5.68,9.80,16.13,3.94071,148.185,308.849
shaker,bar,rete,spectral_spread,10,0.06,0.16,15.67,41.77,62.12,3.89613,253.574,1070.5
shaker,chaotic,rete,spectral_spread,10,0.99,2.30,6.12,8.29,25.52,44.7139,172.574,494.552
shaker,membrane,rete,spectral_spread,10,0.04,2.44,12.00,23.20,50.76,2.74188,266.885,601.407
shaker,plate_circ,rete,spectral_spread,10,0.80,2.06,15.90,41.48,45.40,38.3459,327.393,1404.73
shaker,plate_rect,rete,spectral_spread,10,1.24,1.33,5.51,12.34,14.86,16.1629,190.182,958.479
shaker,soundboard,rete,spectral_spread,10,1.87,1.91,10.66,25.82,29.77,40.1974,286.33,868.25
shaker,tube,rete,spectral_spread,10,0.05,1.70,7.07,16.08,17.45,5.03786,232.64,681.67
strike,bar,rete,spectral_spread,10,0.21,3.53,8.64,17.54,23.11,7.6294,118.227,534.27
strike,chaotic,rete,spectral_spread,10,0.51,2.24,12.09,26.57,38.24,4.87437,92.1512,265.855
strike,membrane,rete,spectral_spread,10,3.04,4.50,17.91,28.60,62.13,23.2134,95.4928,226.296
strike,plate_circ,rete,spectral_spread,10,0.99,1.34,6.30,13.62,16.72,2.53742,58.0349,371.558
strike,plate_rect,rete,spectral_spread,10,0.17,3.41,10.58,24.65,29.37,0.512902,87.4104,303.996
strike,soundboard,rete,spectral_spread,10,0.04,0.22,8.49,19.44,21.01,0.0426018,130.449,514.605
strike,tube,rete,spectral_spread,10,0.04,1.85,11.64,24.98,25.72,1.13096,82.8873,163.693
vocal,bar,rete,spectral_spread,10,0.22,0.76,2.97,6.27,12.88,1.99335,362.485,1001.22
vocal,chaotic,rete,spectral_spread,10,0.69,2.14,6.93,12.63,20.80,59.4039,520.102,1159.26
vocal,membrane,rete,spectral_spread,10,1.19,1.29,6.52,14.01,19.63,1.65706,188.127,535.662
vocal,plate_circ,rete,spectral_spread,10,0.32,1.33,7.10,12.39,38.97,19.5856,639.884,3191.68
vocal,plate_rect,rete,spectral_spread,10,0.76,1.20,10.45,28.85,49.38,11.0488,363.678,1385.92
vocal,soundboard,rete,spectral_spread,10,0.21,0.26,14.54,37.15,47.18,44.6569,615.641,2820.1
vocal,tube,rete,spectral_spread,10,0.09,0.45,2.63,5.47,5.69,12.1365,415.169,841.873
bird,bar,rete,spectral_rolloff,10,0.00,0.00,2.20,7.44,7.47,0.0483486,245.722,1142.37
bird,chaotic,rete,spectral_rolloff,10,0.00,0.01,13.07,28.00,54.55,0.113202,388.787,1335.13
bird,membrane,rete,spectral_rolloff,10,0.00,0.01,5.84,14.22,14.76,0.000402844,248.712,1443.21
bird,plate_circ,rete,spectral_rolloff,10,0.00,0.00,18.43,57.96,78.49,0.014793,1212.55,3403.38
bird,plate_rect,rete,spectral_rolloff,10,0.00,0.00,9.24,29.01,42.46,0.0183132,328.403,1647.78
bird,soundboard,rete,spectral_rolloff,10,0.00,0.00,10.21,24.20,33.54,0.0043225,580.167,2368.88
bird,tube,rete,spectral_rolloff,10,0.00,0.01,10.04,24.54,31.38,0.096149,654.927,2046.97
blow,bar,rete,spectral_rolloff,10,0.01,0.84,22.16,40.64,89.22,0.0980367,1422.22,9765.22
blow,chaotic,rete,spectral_rolloff,10,0.00,0.00,5.29,12.28,17.32,0.0562226,1316.64,8138.47
blow,membrane,rete,spectral_rolloff,10,1.53,1.54,11.81,23.21,61.61,21.4791,443.665,1571.59
blow,plate_circ,rete,spectral_rolloff,10,0.00,0.00,6.92,16.22,19.30,0.00270018,982.597,6218.69
blow,plate_rect,rete,spectral_rolloff,10,0.00,0.77,8.92,22.35,27.25,0.019395,470.637,1657.98
blow,soundboard,rete,spectral_rolloff,10,0.00,0.00,12.20,31.91,46.46,0.0316488,1494.21,10293.3
blow,tube,rete,spectral_rolloff,10,3.37,3.62,13.70,30.47,43.20,64.5455,723.437,1959.36
bow,bar,rete,spectral_rolloff,10,0.00,0.69,10.70,21.88,37.08,0.00644775,552.225,2993.77
bow,chaotic,rete,spectral_rolloff,10,0.01,0.58,12.23,26.97,50.21,0.297525,489.716,1765.68
bow,membrane,rete,spectral_rolloff,10,0.00,0.01,10.71,22.35,45.69,0.0510936,1672.73,13538.4
bow,plate_circ,rete,spectral_rolloff,10,0.00,0.01,6.96,16.06,19.52,0.0527909,404.69,1420.48
bow,plate_rect,rete,spectral_rolloff,10,0.00,0.01,12.34,33.95,53.01,0.00856811,502.867,2713.19
bow,soundboard,rete,spectral_rolloff,10,0.01,0.01,11.01,28.62,41.90,0.0669252,595.52,2239.16
bow,tube,rete,spectral_rolloff,10,0.00,1.07,23.08,53.38,78.70,0.0345856,1285.89,4759.09
chaos,bar,rete,spectral_rolloff,10,0.00,0.01,4.45,12.64,13.17,0.0701763,900.063,7331.88
chaos,chaotic,rete,spectral_rolloff,10,0.00,3.31,12.83,25.62,30.83,0.00409427,841.678,2744.2
chaos,membrane,rete,spectral_rolloff,10,0.35,1.19,8.09,19.34,19.76,32.2983,391.003,1216.94
chaos,plate_circ,rete,spectral_rolloff,10,0.00,0.01,11.63,19.84,54.28,0.0116878,559.826,1722.25
chaos,plate_rect,rete,spectral_rolloff,10,0.00,0.02,11.68,19.18,56.76,0.0614979,798.634,1905.74
chaos,soundboard,rete,spectral_rolloff,10,0.00,1.23,11.55,18.31,29.43,0.0447673,901.644,2487.23
chaos,tube,rete,spectral_rolloff,10,0.01,0.02,4.75,14.96,19.76,0.0687554,200.301,581.417
mechanical,bar,rete,spectral_rolloff,10,0.00,0.13,4.57,11.21,15.74,0.0453502,318.039,1598.25
mechanical,chaotic,rete,spectral_rolloff,10,0.00,1.11,3.84,6.72,9.92,0.10351,624.52,5200.31
mechanical,membrane,rete,spectral_rolloff,10,2.00,2.04,5.34,9.61,14.77,21.4147,855.552,5001.48
mechanical,plate_circ,rete,spectral_rolloff,10,0.00,0.00,14.57,40.03,50.65,0.0389743,2009.58,14066.6
mechanical,plate_rect,rete,spectral_rolloff,10,0.21,0.68,4.63,8.75,9.86,21.4028,199.19,1205.85
mechanical,soundboard,rete,spectral_rolloff,10,0.00,0.00,1.83,5.41,7.27,0.221787,460.558,3467.41
mechanical,tube,rete,spectral_rolloff,10,0.00,0.01,3.89,15.65,17.29,0.0368194,440.348,2583.7
noise,bar,rete,spectral_rolloff,10,0.73,1.27,9.89,26.43,42.67,21.531,188.407,635.233
noise,chaotic,rete,spectral_rolloff,10,0.65,0.94,15.92,28.25,73.53,21.5221,2303.97,20757.6
noise,membrane,rete,spectral_rolloff,10,0.01,0.61,19.95,75.52,97.26,0.048846,4416.38,21533.2
noise,plate_circ,rete,spectral_rolloff,10,0.00,0.62,13.80,41.18,69.18,0.000833055,2230.88,20521.3
noise,plate_rect,rete,spectral_rolloff,10,0.00,1.19,7.37,18.82,29.10,0.010847,281.031,1787.36
noise,soundboard,rete,spectral_rolloff,10,0.00,1.59,13.15,35.23,41.21,0.046021,1076.7,8785.76
noise,tube,rete,spectral_rolloff,10,0.52,1.19,18.74,43.77,107.75,21.5324,3611.43,21705.5
pluck,bar,rete,spectral_rolloff,10,0.00,0.00,19.28,45.91,112.28,0.0379761,847.387,5544.39
pluck,chaotic,rete,spectral_rolloff,10,0.00,0.00,8.50,21.95,25.20,0.00435083,184.16,893.852
pluck,membrane,rete,spectral_rolloff,10,0.00,0.00,4.92,21.70,22.37,7.92194e-05,118.495,839.798
pluck,plate_circ,rete,spectral_rolloff,10,0.00,0.72,4.64,8.66,8.94,0.0022194,115.243,301.609
pluck,plate_rect,rete,spectral_rolloff,10,0.00,0.00,5.75,10.54,26.17,0.00782257,325.112,1755.21
pluck,soundboard,rete,spectral_rolloff,10,0.00,0.01,7.66,16.96,33.55,0.00578213,217.488,1098.23
pluck,tube,rete,spectral_rolloff,10,0.00,1.62,13.22,25.33,28.92,0.0745715,404.868,1249.95
shaker,bar,rete,spectral_rolloff,10,0.01,0.79,3.72,6.98,11.50,0.0717234,171.293,926.623
shaker,chaotic,rete,spectral_rolloff,10,1.42,1.44,6.90,12.87,22.93,43.1072,124.759,398.341
shaker,membrane,rete,spectral_rolloff,10,1.58,2.06,8.01,12.79,32.48,21.5981,259.232,860.142
shaker,plate_circ,rete,spectral_rolloff,10,0.00,0.59,7.29,11.67,42.78,0.0109397,132.271,752.504
shaker,plate_rect,rete,spectral_rolloff,10,0.01,0.24,3.50,10.21,13.79,0.0705912,91.4059,409.175
shaker,soundboard,rete,spectral_rolloff,10,2.45,2.60,14.72,25.12,56.12,107.513,375.741,1162.9
shaker,tube,rete,spectral_rolloff,10,0.01,1.42,8.98,13.49,28.18,0.0717234,378.932,1206.26
strike,bar,rete,spectral_rolloff,10,0.00,0.00,14.28,26.78,93.01,0.000483485,962.889,8637.57
strike,chaotic,rete,spectral_rolloff,10,0.00,0.00,11.46,23.41,57.74,0.035565,260.623,1055.04
strike,membrane,rete,spectral_rolloff,10,0.01,0.65,6.23,14.65,16.67,0.0407948,115.125,323.017
strike,plate_circ,rete,spectral_rolloff,10,0.00,0.00,4.25,12.75,15.83,0.0279664,58.144,236.892
strike,plate_rect,rete,spectral_rolloff,10,0.00,0.00,4.69,12.67,13.33,0.00470965,90.4231,343.827
strike,soundboard,rete,spectral_rolloff,10,0.00,0.00,5.06,15.50,18.44,0.00879947,168.05,797.609
strike,tube,rete,spectral_rolloff,10,0.00,0.00,7.76,23.27,26.06,0.00947724,146.401,731.825
vocal,bar,rete,spectral_rolloff,10,0.00,2.26,13.87,26.50,40.05,0.0565308,750.306,2519.14
vocal,chaotic,rete,spectral_rolloff,10,0.00,0.00,4.02,11.07,12.74,0.0215729,341.284,1937.9
vocal,membrane,rete,spectral_rolloff,10,0.00,0.01,8.42,16.21,23.56,0.0334557,439.253,2831.3
vocal,plate_circ,rete,spectral_rolloff,10,0.00,0.00,20.84,42.54,61.46,0.0404054,1714.83,8855.36
vocal,plate_rect,rete,spectral_rolloff,10,0.00,0.00,14.01,39.39,49.97,0.0171228,482.339,1550.35
vocal,soundboard,rete,spectral_rolloff,10,0.01,0.52,7.20,16.31,20.37,0.0334557,433.338,1197.07
vocal,tube,rete,spectral_rolloff,10,0.69,0.99,10.19,20.63,39.15,21.5468,775.069,2712.94
bird,bar,rete,spectral_flatness,10,5.11,7.30,23.56,43.11,48.19,0.0109884,0.0344844,0.0863535
bird,chaotic,rete,spectral_flatness,10,1.06,5.54,15.49,33.25,43.83,0.00193929,0.0281266,0.0859165
bird,membrane,rete,spectral_flatness,10,0.57,1.51,17.86,35.03,41.41,0.00106822,0.0408296,0.112972
bird,plate_circ,rete,spectral_flatness,10,0.62,3.31,10.28,17.09,17.96,0.00159144,0.0179681,0.0408022
bird,plate_rect,rete,spectral_flatness,10,2.21,2.30,13.46,33.66,47.50,0.00318126,0.0198665,0.0544194
bird,soundboard,rete,spectral_flatness,10,3.68,3.87,20.81,64.79,80.33,0.00681612,0.0368727,0.119927
bird,tube,rete,spectral_flatness,10,1.60,2.71,18.10,38.83,42.31,0.00485091,0.036084,0.0852083
blow,bar,rete,spectral_flatness,10,1.37,1.99,15.17,29.24,63.22,0.00516523,0.079901,0.474592
blow,chaotic,rete,spectral_flatness,10,0.25,1.05,6.62,10.31,11.07,0.00300404,0.0311655,0.0937412
blow,membrane,rete,spectral_flatness,10,1.40,8.86,19.40,29.87,47.70,0.00499471,0.0668799,0.110057
blow,plate_circ,rete,spectral_flatness,10,0.01,1.42,5.67,11.21,12.44,4.37064e-05,0.027826,0.0832898
blow,plate_rect,rete,spectral_flatness,10,0.21,0.44,8.25,17.79,19.00,0.000789897,0.0375851,0.119455
blow,soundboard,rete,spectral_flatness,10,0.87,1.15,12.90,26.02,37.32,0.00267764,0.0429957,0.107203
blow,tube,rete,spectral_flatness,10,1.09,2.84,6.98,10.86,14.34,0.00466785,0.0258803,0.0560785
bow,bar,rete,spectral_flatness,10,0.64,4.86,14.63,28.28,46.60,0.00089214,0.0212317,0.0504925
bow,chaotic,rete,spectral_flatness,10,0.46,6.10,20.63,32.45,36.32,0.000707152,0.0303022,0.0570704
bow,membrane,rete,spectral_flatness,10,1.15,5.11,18.02,32.75,34.43,0.00177169,0.0280503,0.0561852
bow,plate_circ,rete,spectral_flatness,10,1.06,6.58,18.76,30.39,37.53,0.00125519,0.0237702,0.0457515
bow,plate_rect,rete,spectral_flatness,10,4.76,6.08,14.91,25.76,40.02,0.00679055,0.0218682,0.0529729
bow,soundboard,rete,spectral_flatness,10,1.38,1.80,15.61,28.21,42.42,0.00245285,0.0196825,0.0453469
bow,tube,rete,spectral_flatness,10,6.38,6.72,34.49,70.99,89.01,0.00908395,0.0582845,0.141363
chaos,bar,rete,spectral_flatness,10,0.08,0.26,10.73,21.27,42.65,0.000610113,0.0504045,0.131066
chaos,chaotic,rete,spectral_flatness,10,0.59,1.09,4.58,8.45,8.58,0.00169777,0.0290075,0.077113
chaos,membrane,rete,spectral_flatness,10,1.14,2.36,11.02,17.47,35.78,0.0123062,0.0466137,0.101313
chaos,plate_circ,rete,spectral_flatness,10,0.23,2.27,8.65,16.70,41.20,0.00196512,0.0288669,0.104026
chaos,plate_rect,rete,spectral_flatness,10,0.14,3.07,9.59,20.15,24.06,0.00150252,0.0418897,0.0812659
chaos,soundboard,rete,spectral_flatness,10,0.02,1.19,7.95,15.47,21.56,0.000216467,0.0435871,0.0943558
chaos,tube,rete,spectral_flatness,10,0.59,1.22,6.37,16.50,28.05,0.00460218,0.0349541,0.162698
mechanical,bar,rete,spectral_flatness,10,0.37,2.02,11.90,25.28,42.29,0.00134748,0.0766638,0.300601
mechanical,chaotic,rete,spectral_flatness,10,3.86,4.10,9.31,14.17,15.04,0.0100591,0.0581643,0.136346
mechanical,membrane,rete,spectral_flatness,10,1.32,1.39,6.41,11.18,15.38,0.00294273,0.0324775,0.0641063
mechanical,plate_circ,rete,spectral_flatness,10,0.36,1.70,7.13,18.00,18.44,0.00355436,0.0326328,0.132381
mechanical,plate_rect,rete,spectral_flatness,10,4.96,7.42,15.85,24.04,33.82,0.0285177,0.069041,0.192093
mechanical,soundboard,rete,spectral_flatness,10,0.07,1.89,8.76,17.41,29.36,0.00053221,0.0372786,0.110892
mechanical,tube,rete,spectral_flatness,10,0.55,0.56,9.09,24.09,25.39,0.00832703,0.0621221,0.238657
noise,bar,rete,spectral_flatness,10,2.74,7.92,15.40,31.93,38.41,0.00552172,0.0478449,0.123481
noise,chaotic,rete,spectral_flatness,10,2.26,5.05,61.23,84.58,471.74,0.0115018,0.0871823,0.408897
noise,membrane,rete,spectral_flatness,10,0.79,1.38,85.30,381.98,418.27,0.00274333,0.0437536,0.159228
noise,plate_circ,rete,spectral_flatness,10,4.91,5.57,51.00,68.33,393.42,0.0136777,0.0436676,0.102708
noise,plate_rect,rete,spectral_flatness,10,1.98,2.51,6.50,10.82,14.78,0.00701409,0.0236688,0.0755114
noise,soundboard,rete,spectral_flatness,10,0.87,0.91,11.71,21.59,36.82,0.0017337,0.0308945,0.0838682
noise,tube,rete,spectral_flatness,10,1.46,3.71,51.05,77.33,396.82,0.0149995,0.0573502,0.131007
pluck,bar,rete,spectral_flatness,10,0.41,3.33,17.56,41.16,45.48,0.000651836,0.0352817,0.126111
pluck,chaotic,rete,spectral_flatness,10,2.85,4.12,18.09,34.46,47.03,0.00253234,0.0255071,0.0720486
pluck,membrane,rete,spectral_flatness,10,0.26,0.78,11.49,21.02,39.03,0.000381357,0.0201731,0.0641149
pluck,plate_circ,rete,spectral_flatness,10,2.55,5.89,15.96,25.94,36.08,0.00555668,0.0286913,0.0544804
pluck,plate_rect,rete,spectral_flatness,10,2.86,4.04,23.80,68.93,70.39,0.00578098,0.0344101,0.0977026
pluck,soundboard,rete,spectral_flatness,10,5.66,6.52,13.03,18.73,31.57,0.0072324,0.022693,0.0463954
pluck,tube,rete,spectral_flatness,10,0.50,2.97,10.45,18.95,22.78,0.00147831,0.0212214,0.0503237
shaker,bar,rete,spectral_flatness,10,2.02,2.31,12.56,23.38,38.74,0.00271912,0.017049,0.0453187
shaker,chaotic,rete,spectral_flatness,10,3.09,3.25,10.61,20.24,24.02,0.00464212,0.0171047,0.0372854
shaker,membrane,rete,spectral_flatness,10,1.29,3.83,13.55,19.82,34.91,0.00237542,0.0209959,0.0380026
shaker,plate_circ,rete,spectral_flatness,10,6.06,7.41,14.34,24.01,32.81,0.00978776,0.0212893,0.0510904
shaker,plate_rect,rete,spectral_flatness,10,0.01,0.16,4.09,7.63,15.95,1.41898e-05,0.00687487,0.0290462
shaker,soundboard,rete,spectral_flatness,10,0.08,0.73,10.03,22.18,28.66,9.99926e-05,0.015393,0.0541236
shaker,tube,rete,spectral_flatness,10,1.83,3.35,17.21,35.09,57.42,0.00513456,0.0299197,0.101993
strike,bar,rete,spectral_flatness,10,5.72,7.14,12.42,19.07,26.22,0.00842509,0.0153901,0.0262137
strike,chaotic,rete,spectral_flatness,10,0.34,2.31,12.74,23.72,30.18,0.000360621,0.0165933,0.0384069
strike,membrane,rete,spectral_flatness,10,1.09,3.59,14.26,29.21,31.06,0.00166084,0.0202905,0.0541471
strike,plate_circ,rete,spectral_flatness,10,0.59,1.97,10.92,23.72,26.56,0.000498767,0.01916,0.0748044
strike,plate_rect,rete,spectral_flatness,10,1.43,1.89,14.13,28.77,34.05,0.00324094,0.0219833,0.0552624
strike,soundboard,rete,spectral_flatness,10,0.70,1.23,11.73,29.25,46.34,0.000989892,0.0153881,0.0477876
strike,tube,rete,spectral_flatness,10,1.15,4.21,19.59,44.69,47.21,0.00168324,0.0274115,0.0563682
vocal,bar,rete,spectral_flatness,10,1.77,1.82,13.57,36.93,38.33,0.0077339,0.0408709,0.09943
vocal,chaotic,rete,spectral_flatness,10,1.21,5.17,10.75,18.11,29.13,0.00258226,0.0486095,0.119398
vocal,membrane,rete,spectral_flatness,10,1.21,1.71,11.61,19.94,20.00,0.00439984,0.0401925,0.0856779
vocal,plate_circ,rete,spectral_flatness,10,0.08,1.73,15.23,36.32,40.92,0.000654407,0.0521461,0.155341
vocal,plate_rect,rete,spectral_flatness,10,0.26,0.53,8.32,16.95,19.69,0.00147571,0.0336108,0.110205
vocal,soundboard,rete,spectral_flatness,10,1.93,3.15,11.23,20.26,23.53,0.0112579,0.0351987,0.0799786
vocal,tube,rete,spectral_flatness,10,1.27,1.31,8.04,12.97,26.02,0.00471052,0.0384295,0.0765823
bird,bar,rete,roughness,10,0.37,3.15,15.81,25.52,35.44,0.000228767,0.0537329,0.32161
bird,chaotic,rete,roughness,10,0.35,0.64,8.51,19.52,23.31,3.38217e-06,0.209674,1.87591
bird,membrane,rete,roughness,10,1.10,4.05,21.79,50.61,59.06,0.00243012,0.181176,0.747157
bird,plate_circ,rete,roughness,10,1.07,2.10,8.47,13.03,28.72,0.00114893,0.146931,0.770521
bird,plate_rect,rete,roughness,10,0.44,4.52,18.42,29.08,35.81,0.00250121,0.0703374,0.284122
bird,soundboard,rete,roughness,10,0.41,0.84,9.71,24.01,26.60,1.58271e-05,0.0476629,0.216774
bird,tube,rete,roughness,10,0.41,3.55,14.09,21.19,66.25,0.00138826,0.124047,0.414422
blow,bar,rete,roughness,10,0.19,0.88,5.38,10.93,14.52,8.78222e-06,0.0509194,0.221332
blow,chaotic,rete,roughness,10,0.52,0.55,5.28,9.82,22.83,3.96692e-05,0.0512,0.158581
blow,membrane,rete,roughness,10,0.16,0.83,11.37,21.42,31.10,0.000234339,0.103349,0.435622
blow,plate_circ,rete,roughness,10,1.59,1.64,11.07,34.29,35.48,1.55996e-05,0.0871997,0.298665
blow,plate_rect,rete,roughness,10,0.20,0.37,7.26,14.63,17.44,0.00680376,0.0582364,0.140255
blow,soundboard,rete,roughness,10,0.07,0.33,15.67,37.73,67.74,6.01992e-07,0.04617,0.207242
blow,tube,rete,roughness,10,0.03,1.84,9.70,22.25,22.30,0.000610157,0.125001,0.396045
bow,bar,rete,roughness,10,0.18,1.13,9.51,17.69,27.50,0.0021874,0.0223965,0.0877085
bow,chaotic,rete,roughness,10,0.25,0.71,11.39,25.14,25.74,0.0054713,0.040707,0.123638
bow,membrane,rete,roughness,10,0.42,0.58,21.17,50.93,61.88,0.00316358,0.0598896,0.138276
bow,plate_circ,rete,roughness,10,5.90,9.70,17.30,26.57,38.57,0.000131312,0.0676984,0.293835
bow,plate_rect,rete,roughness,10,0.83,2.91,5.67,12.02,12.72,4.8232e-05,0.0360444,0.139546
bow,soundboard,rete,roughness,10,0.61,0.84,10.58,22.09,37.39,7.50148e-06,0.0240361,0.0671593
bow,tube,rete,roughness,10,1.79,1.94,16.50,30.39,75.27,0.0137541,0.121434,0.447491
chaos,bar,rete,roughness,10,0.20,0.49,7.81,14.01,43.82,6.64619e-06,0.116473,0.301338
chaos,chaotic,rete,roughness,10,0.92,1.76,11.28,14.91,70.98,0.0163489,0.17698,0.404306
chaos,membrane,rete,roughness,10,0.14,1.29,14.43,29.62,65.58,0.00440824,0.148021,0.479555
chaos,plate_circ,rete,roughness,10,0.01,0.17,14.16,51.05,60.08,0.00020572,0.132997,0.763076
chaos,plate_rect,rete,roughness,10,1.19,2.23,10.96,17.54,44.07,0.00221661,0.160681,0.346947
chaos,soundboard,rete,roughness,10,0.18,0.62,6.05,9.55,24.11,0.00058782,0.179493,0.502975
chaos,tube,rete,roughness,10,0.03,0.41,4.22,8.63,8.92,0.000965801,0.191785,0.435927
mechanical,bar,rete,roughness,10,0.28,0.53,11.57,25.08,34.57,0.0100625,0.727854,3.33093
mechanical,chaotic,rete,roughness,10,0.01,0.29,8.79,14.98,39.70,3.97915e-08,0.302567,0.869488
mechanical,membrane,rete,roughness,10,1.22,1.48,11.34,25.83,40.79,0.0348625,0.418159,1.33855
mechanical,plate_circ,rete,roughness,10,0.87,2.48,6.14,10.07,11.14,0.00145192,0.22036,0.652841
mechanical,plate_rect,rete,roughness,10,0.68,6.19,20.34,38.98,51.61,4.94174e-06,0.579468,2.93292
mechanical,soundboard,rete,roughness,10,0.34,2.37,10.33,21.04,28.47,0.000546537,0.131492,0.249553
mechanical,tube,rete,roughness,10,0.98,1.53,12.05,25.27,52.66,0.0556457,0.542517,2.19272
noise,bar,rete,roughness,10,0.65,0.78,8.38,23.75,25.55,8.453e-06,0.158281,0.69602
noise,chaotic,rete,roughness,10,0.02,3.12,11.61,21.12,46.07,2.05657e-07,0.518141,3.99528
noise,membrane,rete,roughness,10,1.33,2.24,15.02,38.92,48.42,1.46672e-05,0.177916,0.492428
noise,plate_circ,rete,roughness,10,0.29,2.07,23.87,44.25,59.20,0.00564605,0.0347514,0.101195
noise,plate_rect,rete,roughness,10,0.05,4.02,25.28,51.20,52.56,5.49173e-07,0.420175,2.21129
noise,soundboard,rete,roughness,10,0.50,4.44,26.36,56.14,59.46,0.0028479,0.154512,0.474547
noise,tube,rete,roughness,10,0.64,4.68,19.87,41.88,76.26,0.0108282,0.721534,3.20948
pluck,bar,rete,roughness,10,0.07,0.55,14.61,39.11,52.78,6.13871e-07,0.0875109,0.401442
pluck,chaotic,rete,roughness,10,0.04,0.10,7.28,24.16,29.38,3.27422e-07,0.0328546,0.193435
pluck,membrane,rete,roughness,10,0.01,0.09,7.29,20.46,21.78,4.62911e-08,0.0302373,0.139
pluck,plate_circ,rete,roughness,10,3.60,5.57,12.33,23.60,23.92,0.000141508,0.0456864,0.186534
pluck,plate_rect,rete,roughness,10,0.17,1.46,10.70,23.74,38.54,1.52262e-05,0.0366856,0.20327
pluck,soundboard,rete,roughness,10,0.01,0.66,14.79,25.60,50.91,4.66548e-08,0.167293,0.447139
pluck,tube,rete,roughness,10,0.01,0.15,3.59,8.29,10.09,4.66548e-08,0.0827345,0.282291
shaker,bar,rete,roughness,10,0.45,1.77,9.47,17.99,19.25,0.000117473,0.138337,0.592634
shaker,chaotic,rete,roughness,10,7.71,10.69,25.78,44.83,57.32,0.00323003,0.0841162,0.239821
shaker,membrane,rete,roughness,10,2.00,3.27,17.67,35.50,64.44,0.00142224,0.0153004,0.0443203
shaker,plate_circ,rete,roughness,10,0.06,1.07,14.29,35.84,50.11,5.38617e-07,0.0513333,0.237837
shaker,plate_rect,rete,roughness,10,6.48,7.21,17.49,39.53,49.01,0.000252303,0.0524187,0.273217
shaker,soundboard,rete,roughness,10,3.10,5.44,13.64,23.78,23.83,0.000397189,0.0710188,0.255515
shaker,tube,rete,roughness,10,0.00,0.41,12.21,24.13,50.20,2.95488e-08,0.0645583,0.227037
strike,bar,rete,roughness,10,0.00,0.11,13.76,32.51,48.05,1.55906e-09,0.00520309,0.0327499
strike,chaotic,rete,roughness,10,0.00,0.00,13.91,25.80,89.60,1.55906e-09,0.00456282,0.0271606
strike,membrane,rete,roughness,10,0.36,0.46,22.26,43.67,56.32,2.27618e-06,0.0121404,0.058604
strike,plate_circ,rete,roughness,10,0.00,0.00,11.91,36.19,41.09,1.55906e-09,0.00279801,0.0126769
strike,plate_rect,rete,roughness,10,0.00,0.00,7.78,12.07,62.46,1.55894e-09,0.00127708,0.00528557
strike,soundboard,rete,roughness,10,0.00,0.00,13.32,30.69,31.00,1.55906e-09,0.00536213,0.0229337
strike,tube,rete,roughness,10,0.00,0.26,26.97,57.60,85.75,1.55906e-09,0.0915697,0.482883
vocal,bar,rete,roughness,10,0.17,2.45,14.65,41.36,52.33,2.23074e-05,0.262568,1.09219
vocal,chaotic,rete,roughness,10,0.43,0.53,9.93,18.44,62.29,5.25495e-05,0.229677,0.737029
vocal,membrane,rete,roughness,10,0.40,0.53,10.69,18.27,74.42,1.86391e-05,0.140833,0.3515
vocal,plate_circ,rete,roughness,10,0.39,1.03,14.27,32.46,65.65,1.4659e-05,0.536861,1.92104
vocal,plate_rect,rete,roughness,10,0.38,0.90,13.08,35.34,82.21,2.87783e-06,0.14444,0.499365
vocal,soundboard,rete,roughness,10,4.09,4.55,11.94,19.24,31.28,0.0709657,0.506987,1.2025
vocal,tube,rete,roughness,10,0.22,0.96,8.70,17.52,22.19,0.0163214,0.476221,1.23053
bird,bar,rete,tonal_focus,10,1.85,1.94,15.47,46.77,54.53,0.0191574,0.160359,0.565368
bird,chaotic,rete,tonal_focus,10,0.08,5.58,9.84,15.07,26.95,0.000827487,0.102018,0.279362
bird,membrane,rete,tonal_focus,10,0.29,2.05,17.03,34.42,42.09,0.00305479,0.176603,0.436329
bird,plate_circ,rete,tonal_focus,10,2.74,5.34,16.42,34.03,36.37,0.0284561,0.170211,0.377043
bird,plate_rect,rete,tonal_focus,10,2.25,2.78,22.18,39.98,51.94,0.0233779,0.229893,0.538439
bird,soundboard,rete,tonal_focus,10,0.30,0.40,21.15,43.97,45.52,0.00312684,0.219227,0.471908
bird,tube,rete,tonal_focus,10,0.75,4.84,24.37,44.02,75.71,0.00772697,0.252663,0.784856
blow,bar,rete,tonal_focus,10,3.92,8.17,18.17,35.72,46.87,0.0402038,0.186366,0.480823
blow,chaotic,rete,tonal_focus,10,0.39,1.37,11.48,17.67,42.50,0.0040105,0.117745,0.436059
blow,membrane,rete,tonal_focus,10,3.95,4.55,16.88,34.58,39.66,0.0405083,0.173159,0.406859
blow,plate_circ,rete,tonal_focus,10,3.36,4.48,10.47,19.69,20.64,0.0344997,0.10737,0.211789
blow,plate_rect,rete,tonal_focus,10,0.41,2.39,16.63,42.72,53.81,0.00415785,0.170602,0.552017
blow,soundboard,rete,tonal_focus,10,0.26,1.87,10.48,23.28,36.69,0.00262384,0.10749,0.376424
blow,tube,rete,tonal_focus,10,0.38,1.08,9.99,20.62,28.17,0.00388389,0.102476,0.288993
bow,bar,rete,tonal_focus,10,0.12,0.39,14.16,27.82,35.50,0.00120939,0.142986,0.35841
bow,chaotic,rete,tonal_focus,10,0.33,0.84,21.96,41.65,49.39,0.00331355,0.221653,0.49855
bow,membrane,rete,tonal_focus,10,2.51,4.33,12.90,21.11,43.59,0.0253347,0.130235,0.440073
bow,plate_circ,rete,tonal_focus,10,0.84,1.11,19.79,56.95,71.42,0.00848457,0.199797,0.720989
bow,plate_rect,rete,tonal_focus,10,0.77,1.49,14.79,37.77,38.27,0.00778889,0.149352,0.386327
bow,soundboard,rete,tonal_focus,10,3.14,6.82,18.57,40.71,48.11,0.0317312,0.187484,0.485711
bow,tube,rete,tonal_focus,10,0.04,0.46,11.36,22.70,24.67,0.00038464,0.114687,0.24906
chaos,bar,rete,tonal_focus,10,1.27,1.60,18.01,36.51,44.56,0.012427,0.175747,0.434861
chaos,chaotic,rete,tonal_focus,10,0.49,1.73,10.36,17.92,18.59,0.00478628,0.101086,0.181408
chaos,membrane,rete,tonal_focus,10,1.16,2.18,12.56,31.16,31.44,0.0113561,0.122529,0.306844
chaos,plate_circ,rete,tonal_focus,10,0.10,0.75,17.46,41.43,59.68,0.000934493,0.170372,0.582443
chaos,plate_rect,rete,tonal_focus,10,0.45,1.50,11.85,29.79,39.92,0.00439975,0.115596,0.389563
chaos,soundboard,rete,tonal_focus,10,2.67,7.10,13.91,21.87,23.43,0.0260736,0.135771,0.228651
chaos,tube,rete,tonal_focus,10,2.06,2.58,17.27,33.39,63.34,0.020094,0.168575,0.61809
mechanical,bar,rete,tonal_focus,10,1.00,1.02,14.32,26.32,30.07,0.0107581,0.154711,0.324753
mechanical,chaotic,rete,tonal_focus,10,1.09,1.44,7.15,13.02,18.00,0.0118134,0.0772514,0.194378
mechanical,membrane,rete,tonal_focus,10,1.44,1.58,8.33,15.47,20.63,0.0155177,0.0899569,0.222833
mechanical,plate_circ,rete,tonal_focus,10,3.06,5.21,15.42,24.66,43.67,0.0330296,0.166528,0.471675
mechanical,plate_rect,rete,tonal_focus,10,0.50,1.99,10.01,19.37,20.69,0.00537932,0.108138,0.2235
mechanical,soundboard,rete,tonal_focus,10,0.22,3.50,19.92,46.97,49.80,0.00238044,0.215148,0.537921
mechanical,tube,rete,tonal_focus,10,2.00,2.18,8.36,16.16,26.05,0.0215879,0.0903421,0.281364
noise,bar,rete,tonal_focus,10,4.25,4.91,19.69,32.32,51.35,0.0464091,0.214978,0.560717
noise,chaotic,rete,tonal_focus,10,1.34,1.70,14.77,32.30,77.02,0.0146758,0.161302,0.841039
noise,membrane,rete,tonal_focus,10,0.66,2.30,29.83,84.59,89.85,0.00722342,0.325727,0.981141
noise,plate_circ,rete,tonal_focus,10,4.90,5.62,20.62,53.49,64.63,0.053487,0.225134,0.705783
noise,plate_rect,rete,tonal_focus,10,1.67,3.69,15.32,37.89,42.40,0.0182639,0.167272,0.463048
noise,soundboard,rete,tonal_focus,10,5.12,6.44,26.81,58.64,62.90,0.0559557,0.292743,0.686874
noise,tube,rete,tonal_focus,10,5.86,8.31,23.27,57.45,66.86,0.0639785,0.254091,0.730089
pluck,bar,rete,tonal_focus,10,0.54,0.57,5.47,11.73,15.58,0.00630833,0.0636812,0.181242
pluck,chaotic,rete,tonal_focus,10,0.27,0.31,10.82,21.44,41.01,0.00309836,0.125911,0.477107
pluck,membrane,rete,tonal_focus,10,0.31,0.32,3.81,9.72,11.11,0.00365708,0.0443079,0.129304
pluck,plate_circ,rete,tonal_focus,10,0.56,0.66,18.42,41.81,60.11,0.00646827,0.21433,0.6993
pluck,plate_rect,rete,tonal_focus,10,0.48,0.91,10.61,17.18,34.25,0.00552769,0.123398,0.398404
pluck,soundboard,rete,tonal_focus,10,1.80,2.85,9.89,21.57,24.42,0.0209806,0.115047,0.28414
pluck,tube,rete,tonal_focus,10,0.34,0.72,9.35,21.87,24.67,0.00394753,0.108786,0.286989
shaker,bar,rete,tonal_focus,10,10.13,14.71,22.13,26.07,27.39,0.108237,0.236475,0.292623
shaker,chaotic,rete,tonal_focus,10,2.93,4.91,23.07,49.03,59.70,0.0312989,0.246488,0.637838
shaker,membrane,rete,tonal_focus,10,0.47,3.16,10.93,19.06,41.38,0.00502791,0.116749,0.442143
shaker,plate_circ,rete,tonal_focus,10,0.35,1.16,18.40,41.56,63.18,0.00375414,0.196613,0.675056
shaker,plate_rect,rete,tonal_focus,10,4.94,8.67,25.78,52.85,55.76,0.052769,0.275434,0.59574
shaker,soundboard,rete,tonal_focus,10,2.63,4.78,14.39,27.60,30.29,0.0281072,0.153716,0.323576
shaker,tube,rete,tonal_focus,10,3.02,10.21,24.16,40.05,40.87,0.0322559,0.258139,0.436662
strike,bar,rete,tonal_focus,10,1.21,5.01,16.23,34.52,52.32,0.0118021,0.158363,0.510367
strike,chaotic,rete,tonal_focus,10,0.37,1.28,10.16,18.48,39.21,0.00357475,0.0991437,0.382523
strike,membrane,rete,tonal_focus,10,0.69,2.23,24.01,51.62,64.98,0.00676164,0.234254,0.633901
strike,plate_circ,rete,tonal_focus,10,0.77,1.64,11.14,23.04,45.90,0.00748017,0.108628,0.447712
strike,plate_rect,rete,tonal_focus,10,3.04,3.33,9.45,16.42,27.42,0.0296485,0.092192,0.267491
strike,soundboard,rete,tonal_focus,10,0.38,0.54,24.30,69.65,75.00,0.00367783,0.23702,0.731603
strike,tube,rete,tonal_focus,10,0.04,0.22,5.53,14.16,21.23,0.000436454,0.053963,0.207072
vocal,bar,rete,tonal_focus,10,0.02,0.72,16.70,44.21,46.01,0.000160756,0.158629,0.437013
vocal,chaotic,rete,tonal_focus,10,0.86,1.06,8.53,19.91,28.38,0.00815687,0.0810603,0.269588
vocal,membrane,rete,tonal_focus,10,5.09,6.14,16.71,29.03,35.34,0.0483898,0.158774,0.335737
vocal,plate_circ,rete,tonal_focus,10,1.52,1.79,15.24,24.45,44.91,0.014445,0.144733,0.426631
vocal,plate_rect,rete,tonal_focus,10,1.23,1.76,12.09,22.62,28.20,0.0116485,0.114883,0.26783
vocal,soundboard,rete,tonal_focus,10,2.10,2.85,14.30,27.60,42.63,0.0199573,0.135877,0.404947
vocal,tube,rete,tonal_focus,10,1.38,1.46,10.40,20.11,23.86,0.0130753,0.098793,0.22662
bird,bar,rete,inharmonicity,9,2.97,4.24,9.18,16.09,20.89,0.000847679,0.00733007,0.0309383
bird,chaotic,rete,inharmonicity,10,0.20,2.29,17.63,38.02,44.85,3.97405e-05,0.0184652,0.0594223
bird,membrane,rete,inharmonicity,9,1.82,7.91,19.88,34.87,35.88,0.000543282,0.0248576,0.0845154
bird,plate_circ,rete,inharmonicity,9,0.31,0.74,7.33,14.21,21.77,7.19528e-05,0.0131194,0.0401209
bird,plate_rect,rete,inharmonicity,10,0.70,9.56,26.04,39.04,47.88,0.000700035,0.0193348,0.0734682
bird,soundboard,rete,inharmonicity,9,0.11,9.28,20.72,36.37,40.49,2.04814e-05,0.0165612,0.0359665
bird,tube,rete,inharmonicity,10,0.50,2.27,18.57,36.47,84.82,0.000490449,0.0180265,0.110916
blow,bar,rete,inharmonicity,10,1.01,1.28,17.93,38.86,49.08,0.000553013,0.0289682,0.158478
blow,chaotic,rete,inharmonicity,8,2.57,3.66,9.52,17.85,23.35,0.00200698,0.00987113,0.037566
blow,membrane,rete,inharmonicity,9,2.09,3.39,21.67,44.19,84.02,0.000432108,0.0321607,0.123625
blow,plate_circ,rete,inharmonicity,9,0.50,1.20,12.02,41.25,50.56,0.000556338,0.0167021,0.114812
blow,plate_rect,rete,inharmonicity,9,0.24,1.68,16.27,33.00,48.57,0.00051644,0.0389659,0.148348
blow,soundboard,rete,inharmonicity,8,9.29,11.11,15.42,19.62,25.41,0.00661711,0.0278973,0.0794668
blow,tube,rete,inharmonicity,9,1.43,3.50,25.31,54.70,63.33,0.0020913,0.0431314,0.0769674
bow,bar,rete,inharmonicity,9,0.76,1.28,9.99,24.92,24.99,0.000690234,0.0138853,0.0849876
bow,chaotic,rete,inharmonicity,8,1.44,1.83,14.97,33.46,41.37,0.000481739,0.027685,0.0937646
bow,membrane,rete,inharmonicity,7,6.50,6.97,12.88,20.39,26.19,0.00280769,0.0101442,0.028639
bow,plate_circ,rete,inharmonicity,10,0.18,1.05,15.35,36.49,57.72,0.00021739,0.0170647,0.0388134
bow,plate_rect,rete,inharmonicity,9,0.10,0.19,4.74,9.97,14.77,4.72058e-05,0.00527293,0.0202604
bow,soundboard,rete,inharmonicity,9,0.15,1.55,13.63,22.85,28.71,0.000152086,0.00911444,0.0241716
bow,tube,rete,inharmonicity,9,1.83,3.85,12.09,21.67,25.40,0.00186489,0.00944449,0.027613
chaos,bar,rete,inharmonicity,10,2.24,9.74,26.40,39.78,63.85,0.00150834,0.0308625,0.104979
chaos,chaotic,rete,inharmonicity,10,0.32,3.26,14.24,23.18,65.99,0.000557574,0.0236709,0.146073
chaos,membrane,rete,inharmonicity,9,1.46,2.00,12.45,31.02,36.31,0.000993434,0.0204427,0.10626
chaos,plate_circ,rete,inharmonicity,9,1.07,2.42,13.69,22.12,43.97,0.000596243,0.0195528,0.0905515
chaos,plate_rect,rete,inharmonicity,9,1.61,1.82,5.61,9.98,10.98,0.00134659,0.00682258,0.0167909
chaos,soundboard,rete,inharmonicity,10,2.00,3.47,13.20,23.74,23.80,0.00108081,0.0100957,0.0333695
chaos,tube,rete,inharmonicity,10,0.84,3.23,14.60,32.55,48.22,0.000660434,0.0181296,0.062513
mechanical,bar,rete,inharmonicity,7,0.41,1.15,18.93,43.86,79.77,0.000478481,0.0260564,0.119507
mechanical,chaotic,rete,inharmonicity,7,0.78,2.95,24.30,47.27,47.27,0.000299134,0.0313833,0.100489
mechanical,membrane,rete,inharmonicity,5,0.95,5.92,25.40,49.23,62.01,0.000957691,0.02075,0.0491527
mechanical,plate_circ,rete,inharmonicity,7,0.32,1.94,15.32,27.54,29.31,0.000124218,0.0265151,0.0576553
mechanical,plate_rect,rete,inharmonicity,6,7.10,8.02,18.02,31.74,36.16,0.00406037,0.0185013,0.046785
mechanical,soundboard,rete,inharmonicity,10,5.84,6.22,14.24,19.88,37.72,0.00173577,0.0132792,0.0709053
mechanical,tube,rete,inharmonicity,7,0.18,3.23,14.61,23.50,27.22,0.000113189,0.0240327,0.0581436
noise,bar,rete,inharmonicity,6,0.22,2.07,15.74,32.75,41.63,0.000125643,0.0347413,0.0795294
noise,chaotic,rete,inharmonicity,4,15.29,18.65,28.52,36.30,36.54,0.0198699,0.0408021,0.0647371
noise,membrane,rete,inharmonicity,2,21.68,22.67,26.65,30.63,31.62,0.0527015,0.0659337,0.0791659
noise,plate_circ,rete,inharmonicity,6,0.83,4.58,20.30,38.15,41.33,0.00216824,0.0215052,0.0685014
noise,plate_rect,rete,inharmonicity,7,0.46,1.87,30.94,74.81,105.78,0.00213487,0.0358931,0.124422
noise,soundboard,rete,inharmonicity,5,4.00,10.96,40.18,82.26,113.21,0.00486317,0.105398,0.454265
noise,tube,rete,inharmonicity,6,6.84,12.80,24.49,33.82,37.04,0.0159595,0.0382827,0.0668638
pluck,bar,rete,inharmonicity,8,0.51,1.03,6.22,12.30,13.54,0.000309933,0.00584507,0.0171706
pluck,chaotic,rete,inharmonicity,10,0.37,1.10,6.22,16.48,19.40,0.000127883,0.00491672,0.0177833
pluck,membrane,rete,inharmonicity,9,1.17,1.52,8.35,18.13,26.83,0.000643825,0.0104381,0.0402296
pluck,plate_circ,rete,inharmonicity,10,1.92,2.38,22.96,50.54,71.49,0.000435824,0.0321568,0.0898115
pluck,plate_rect,rete,inharmonicity,9,0.72,2.57,16.28,29.20,79.31,0.000522726,0.012181,0.0606635
pluck,soundboard,rete,inharmonicity,9,0.29,2.16,18.94,52.14,52.70,0.000160355,0.0433001,0.154923
pluck,tube,rete,inharmonicity,9,1.11,1.70,11.80,23.94,25.10,0.000875219,0.018106,0.0519094
shaker,bar,rete,inharmonicity,10,0.25,0.76,10.95,15.16,61.68,0.000203802,0.0245796,0.183027
shaker,chaotic,rete,inharmonicity,8,1.25,3.30,12.43,24.57,35.55,0.00171916,0.0222938,0.0938959
shaker,membrane,rete,inharmonicity,9,4.29,4.33,11.41,18.23,21.40,0.000825375,0.0135176,0.0364556
shaker,plate_circ,rete,inharmonicity,9,6.06,6.31,21.10,37.95,57.07,0.00577506,0.0315372,0.142024
shaker,plate_rect,rete,inharmonicity,9,0.55,7.03,17.29,28.51,35.75,0.000102002,0.0182561,0.0677955
shaker,soundboard,rete,inharmonicity,8,4.03,6.99,27.10,63.98,80.01,0.0132708,0.0842444,0.434732
shaker,tube,rete,inharmonicity,8,3.52,10.04,21.62,31.29,34.10,0.0023032,0.0213458,0.0672004
strike,bar,rete,inharmonicity,8,4.02,4.70,11.53,22.93,25.49,0.00105583,0.0158331,0.0494654
strike,chaotic,rete,inharmonicity,8,2.02,2.08,18.24,38.80,39.22,0.000495419,0.0465964,0.251949
strike,membrane,rete,inharmonicity,9,1.19,6.07,20.14,33.91,50.41,0.0025128,0.0282762,0.0548024
strike,plate_circ,rete,inharmonicity,6,7.43,7.73,22.85,44.26,59.71,0.016923,0.0641008,0.207206
strike,plate_rect,rete,inharmonicity,6,1.91,2.11,14.52,28.56,34.88,0.000966787,0.0199668,0.0679763
strike,soundboard,rete,inharmonicity,7,2.77,5.48,28.20,67.79,82.06,0.00187029,0.0241252,0.0503379
strike,tube,rete,inharmonicity,7,3.14,3.28,16.23,38.31,39.72,0.000884434,0.024076,0.0463854
vocal,bar,rete,inharmonicity,8,2.55,3.29,18.44,38.85,45.28,0.00233009,0.0252821,0.0547738
vocal,chaotic,rete,inharmonicity,8,0.20,0.35,11.33,24.80,28.14,0.000122256,0.0137026,0.0369722
vocal,membrane,rete,inharmonicity,8,6.86,11.14,27.98,59.97,89.05,0.00495711,0.0579639,0.32079
vocal,plate_circ,rete,inharmonicity,7,0.09,0.70,12.79,30.21,55.09,6.22832e-05,0.0183129,0.0722726
vocal,plate_rect,rete,inharmonicity,7,7.09,9.60,19.13,33.25,33.80,0.0124961,0.0372553,0.118631
vocal,soundboard,rete,inharmonicity,5,0.72,3.64,19.19,42.85,63.15,0.00215893,0.0268422,0.092335
vocal,tube,rete,inharmonicity,8,3.65,4.62,16.62,42.63,47.92,0.00321795,0.0182264,0.0693416
bird,bar,rete,formant_f1,10,0.75,2.39,11.12,24.64,27.71,13.4235,151.053,349.427
bird,chaotic,rete,formant_f1,10,0.07,0.14,9.45,27.65,43.98,0.531063,130.199,726.343
bird,membrane,rete,formant_f1,10,0.30,0.49,5.63,9.99,14.43,5.11168,66.6005,156.562
bird,plate_circ,rete,formant_f1,10,0.15,0.18,14.29,31.11,41.11,1.34887,199.14,675.095
bird,plate_rect,rete,formant_f1,10,0.36,0.67,14.21,29.33,37.90,7.75516,134.265,562.042
bird,soundboard,rete,formant_f1,10,2.28,2.39,23.17,43.29,64.53,22.4921,359.651,1052.96
bird,tube,rete,formant_f1,10,2.34,3.21,13.91,29.82,38.92,24.1936,252.67,830.41
blow,bar,rete,formant_f1,10,0.04,0.10,7.39,21.29,36.17,0.566307,42.5854,226.597
blow,chaotic,rete,formant_f1,10,0.06,0.06,6.97,18.57,26.59,0.575404,67.7406,406.046
blow,membrane,rete,formant_f1,10,0.12,0.29,6.98,20.79,23.51,0.617694,75.1814,313.281
blow,plate_circ,rete,formant_f1,10,0.21,0.43,7.44,24.28,27.31,1.62836,74.7324,444.319
blow,plate_rect,rete,formant_f1,10,1.09,5.68,16.73,37.24,39.66,18.2535,172.239,307.032
blow,soundboard,rete,formant_f1,10,0.02,0.25,9.89,23.24,39.38,0.106156,115.011,389.166
blow,tube,rete,formant_f1,10,4.32,6.32,30.03,48.62,93.41,70.1841,309.861,1071.71
bow,bar,rete,formant_f1,10,0.04,0.09,13.17,27.32,54.06,0.253268,76.7266,244.081
bow,chaotic,rete,formant_f1,10,1.62,3.83,17.30,31.76,70.64,36.8722,219.875,825.844
bow,membrane,rete,formant_f1,10,0.06,0.12,9.33,24.01,25.86,1.05493,83.7724,314.378
bow,plate_circ,rete,formant_f1,10,1.05,1.23,10.93,19.38,20.44,3.5457,123.169,301.584
bow,plate_rect,rete,formant_f1,10,0.08,0.54,10.69,19.46,39.21,1.03524,138.502,499.736
bow,soundboard,rete,formant_f1,10,0.10,1.61,7.12,10.98,30.08,1.67353,88.0519,181.751
bow,tube,rete,formant_f1,10,0.16,0.19,8.49,17.57,26.84,1.6014,66.0686,196.076
chaos,bar,rete,formant_f1,10,0.22,1.76,12.46,27.43,33.24,3.09196,167.474,460.837
chaos,chaotic,rete,formant_f1,10,0.57,1.04,6.21,10.93,20.04,5.55825,77.1765,222.097
chaos,membrane,rete,formant_f1,10,0.10,0.72,6.96,17.22,18.99,1.71801,92.9175,365.437
chaos,plate_circ,rete,formant_f1,10,0.11,0.33,6.92,15.91,26.13,1.0011,46.5505,99.875
chaos,plate_rect,rete,formant_f1,10,1.69,5.30,12.61,27.59,32.47,8.31105,184.373,600.091
chaos,soundboard,rete,formant_f1,10,1.99,1.99,8.75,15.35,23.92,5.57411,99.7493,252.367
chaos,tube,rete,formant_f1,10,0.21,0.40,7.40,18.73,19.26,2.83737,87.3793,245.976
mechanical,bar,rete,formant_f1,10,1.23,3.40,10.50,21.83,22.81,13.4327,132.634,431.316
mechanical,chaotic,rete,formant_f1,10,0.58,0.70,19.08,47.07,80.09,8.79134,195.884,763.68
mechanical,membrane,rete,formant_f1,10,0.50,2.29,6.48,18.30,18.59,2.72127,80.0758,369.692
mechanical,plate_circ,rete,formant_f1,10,0.22,0.62,12.25,23.70,32.16,3.77727,152.052,525.974
mechanical,plate_rect,rete,formant_f1,10,0.26,0.34,9.54,24.39,28.32,3.07563,135.85,528.534
mechanical,soundboard,rete,formant_f1,10,0.21,1.62,15.98,41.93,58.63,2.30439,270.696,1196.74
mechanical,tube,rete,formant_f1,10,0.15,1.49,11.59,25.52,47.30,0.992633,202.856,855.505
noise,bar,rete,formant_f1,10,0.39,2.82,9.08,23.25,32.16,1.63885,108.496,595.917
noise,chaotic,rete,formant_f1,9,2.67,3.39,10.75,16.41,24.59,14.6386,128.029,432.861
noise,membrane,rete,formant_f1,8,0.90,2.74,14.83,33.59,49.43,11.0523,173.568,953.037
noise,plate_circ,rete,formant_f1,9,0.79,1.54,7.60,15.71,16.08,6.18627,87.6939,290.511
noise,plate_rect,rete,formant_f1,10,0.52,3.16,8.27,15.98,19.10,10.5894,75.3626,186.501
noise,soundboard,rete,formant_f1,10,1.04,4.54,23.63,45.82,75.54,5.55326,243.935,1000.09
noise,tube,rete,formant_f1,9,1.24,1.86,12.16,19.86,61.20,23.4648,120.083,363.601
pluck,bar,rete,formant_f1,10,0.53,1.14,11.11,20.27,20.91,4.307,158.028,461.174
pluck,chaotic,rete,formant_f1,10,0.06,0.35,6.62,11.11,23.24,0.657429,70.6503,194.1
pluck,membrane,rete,formant_f1,10,0.24,0.49,11.17,29.72,34.67,2.48074,162.168,653.373
pluck,plate_circ,rete,formant_f1,10,0.15,1.49,6.48,10.78,12.80,1.96806,75.0728,150.383
pluck,plate_rect,rete,formant_f1,10,0.07,0.14,11.98,35.99,37.45,0.388243,98.7292,252.391
pluck,soundboard,rete,formant_f1,10,0.21,0.29,18.81,41.88,42.89,4.14677,218.788,981.866
pluck,tube,rete,formant_f1,10,0.07,0.64,13.53,26.43,34.69,1.95195,114.288,316.286
shaker,bar,rete,formant_f1,10,0.72,1.76,5.61,11.37,15.06,4.06739,79.621,320.759
shaker,chaotic,rete,formant_f1,10,4.22,4.24,10.35,17.28,27.97,31.6578,97.2103,289.673
shaker,membrane,rete,formant_f1,10,1.01,2.83,12.48,21.63,54.20,8.39074,152.554,999.182
shaker,plate_circ,rete,formant_f1,10,3.19,4.54,15.17,26.91,46.29,38.073,158.184,697.719
shaker,plate_rect,rete,formant_f1,10,0.01,1.04,5.01,10.20,15.80,0.294625,55.1244,163.356
shaker,soundboard,rete,formant_f1,10,0.58,3.82,10.45,16.90,22.02,16.3768,101.205,218.51
shaker,tube,rete,formant_f1,10,0.05,0.17,6.20,16.69,22.41,0.288025,70.6896,252.107
strike,bar,rete,formant_f1,10,0.17,0.25,4.57,9.79,10.72,2.00494,50.4479,135.452
strike,chaotic,rete,formant_f1,10,0.15,0.24,13.16,42.77,53.60,0.546261,252.012,1318.44
strike,membrane,rete,formant_f1,10,0.67,0.84,5.83,10.06,12.55,1.6551,71.008,153.494
strike,plate_circ,rete,formant_f1,10,0.27,0.98,10.37,19.42,44.70,1.78731,71.9647,229.475
strike,plate_rect,rete,formant_f1,10,0.03,0.27,10.93,28.20,49.86,0.818375,106.753,595.124
strike,soundboard,rete,formant_f1,10,0.07,0.28,8.42,18.26,32.99,0.513289,145.142,502.42
strike,tube,rete,formant_f1,10,0.04,0.10,11.94,28.40,28.84,0.535473,188.84,839.075
vocal,bar,rete,formant_f1,10,0.26,3.16,14.64,29.28,36.97,2.15199,105.267,290.052
vocal,chaotic,rete,formant_f1,10,0.00,0.05,14.16,42.55,56.95,0.021201,173.433,1057.01
vocal,membrane,rete,formant_f1,10,0.42,0.60,9.22,15.79,32.46,5.32046,51.4914,118.121
vocal,plate_circ,rete,formant_f1,10,3.34,3.54,20.90,37.82,40.58,22.1268,267.217,1435.79
vocal,plate_rect,rete,formant_f1,10,0.01,0.42,14.66,39.33,39.66,0.0994498,126.912,538.719
vocal,soundboard,rete,formant_f1,10,2.22,5.28,24.83,39.90,57.47,20.2348,304.831,1008.75
vocal,tube,rete,formant_f1,10,0.09,2.45,17.68,40.02,62.22,1.37127,226.135,1027.89
bird,bar,rete,formant_f2,10,0.03,0.04,3.61,12.43,21.07,0.600508,71.2025,454.635
bird,chaotic,rete,formant_f2,10,0.02,0.27,14.77,32.12,45.90,0.641155,225.523,544.214
bird,membrane,rete,formant_f2,10,1.14,1.66,14.52,29.56,60.77,16.1407,222.091,828.977
bird,plate_circ,rete,formant_f2,10,1.34,1.35,10.90,27.87,30.40,11.0638,221.018,685.278
bird,plate_rect,rete,formant_f2,10,0.55,0.64,12.76,38.19,38.20,10.4016,291.056,1055.57
bird,soundboard,rete,formant_f2,10,0.35,0.51,10.56,20.81,38.93,8.57405,199.224,398.177
bird,tube,rete,formant_f2,10,0.60,1.21,10.76,21.32,36.82,19.4207,221.653,598.173
blow,bar,rete,formant_f2,10,0.86,0.88,10.78,27.78,30.61,10.7372,177.918,563.115
blow,chaotic,rete,formant_f2,10,0.17,0.17,15.46,27.46,67.00,3.83171,328.186,1483.62
blow,membrane,rete,formant_f2,10,0.29,0.63,9.94,35.31,36.32,9.22921,202.207,961.592
blow,plate_circ,rete,formant_f2,10,0.01,0.53,9.70,21.82,40.90,0.144311,146.297,616.699
blow,plate_rect,rete,formant_f2,10,0.24,1.67,9.15,14.20,28.71,6.10654,186.312,579.837
blow,soundboard,rete,formant_f2,10,0.49,0.50,10.08,22.69,35.94,9.73344,208.825,721.393
blow,tube,rete,formant_f2,10,2.68,3.39,16.25,24.88,36.22,34.651,341.494,1024.08
bow,bar,rete,formant_f2,10,0.35,0.45,15.68,36.73,41.48,4.8919,285.21,938.01
bow,chaotic,rete,formant_f2,10,0.03,0.35,8.11,18.17,28.90,0.370999,157.61,595.219
bow,membrane,rete,formant_f2,10,0.18,2.66,7.12,19.60,23.74,4.60103,120.908,450.662
bow,plate_circ,rete,formant_f2,10,1.44,1.72,15.75,37.20,64.05,21.9826,187.182,509.282
bow,plate_rect,rete,formant_f2,10,0.07,0.75,8.88,17.66,18.32,2.31365,164.985,362.699
bow,soundboard,rete,formant_f2,10,0.07,1.13,13.45,24.34,36.07,1.72378,258.664,628.717
bow,tube,rete,formant_f2,10,0.82,0.99,21.07,58.86,80.73,15.0064,329.487,1194.86
chaos,bar,rete,formant_f2,10,1.22,1.52,18.02,29.07,96.34,28.4182,285.626,1074.87
chaos,chaotic,rete,formant_f2,10,0.54,1.30,10.88,20.77,32.71,7.78741,217.626,813.356
chaos,membrane,rete,formant_f2,10,0.01,0.54,10.58,29.31,33.70,0.288217,169.137,518.975
chaos,plate_circ,rete,formant_f2,10,0.07,0.48,10.19,34.01,35.71,1.52463,181.019,695.654
chaos,plate_rect,rete,formant_f2,10,0.08,5.15,21.69,38.67,50.31,1.42476,448.41,1206.14
chaos,soundboard,rete,formant_f2,10,2.01,2.24,10.21,18.50,24.17,38.9062,192.418,402.224
chaos,tube,rete,formant_f2,10,0.49,2.55,11.34,30.16,47.85,11.2828,259.842,895.975
mechanical,bar,rete,formant_f2,10,0.03,1.82,13.75,26.77,49.36,0.920487,277.462,1117.52
mechanical,chaotic,rete,formant_f2,10,0.84,1.00,13.72,34.69,48.51,9.53155,147.142,395.025
mechanical,membrane,rete,formant_f2,10,2.01,2.73,12.50,26.36,30.26,27.5624,208.865,693.769
mechanical,plate_circ,rete,formant_f2,10,1.30,4.75,16.38,29.43,52.50,27.4884,326.491,979.279
mechanical,plate_rect,rete,formant_f2,10,0.06,1.17,17.85,47.37,52.54,1.99035,303.119,1227.85
mechanical,soundboard,rete,formant_f2,10,0.04,0.20,10.37,21.67,24.95,0.970776,231.296,543.714
mechanical,tube,rete,formant_f2,10,0.14,1.40,13.72,34.11,48.30,3.03756,213.635,635.5
noise,bar,rete,formant_f2,10,1.62,2.34,14.03,36.49,47.77,26.0279,247.283,772.163
noise,chaotic,rete,formant_f2,9,1.84,2.01,8.21,14.85,15.74,42.575,190.038,398.545
noise,membrane,rete,formant_f2,8,1.14,1.96,10.75,21.74,39.90,9.92938,268.287,957.994
noise,plate_circ,rete,formant_f2,9,2.33,2.50,11.97,21.58,28.03,34.8209,243.868,673.864
noise,plate_rect,rete,formant_f2,10,0.49,1.22,13.35,24.65,36.57,7.89824,174.338,444.051
noise,soundboard,rete,formant_f2,10,3.19,3.19,15.71,28.51,80.85,27.6296,364.627,2129.14
noise,tube,rete,formant_f2,9,1.04,4.14,13.59,22.43,36.73,36.3628,306.426,855.055
pluck,bar,rete,formant_f2,10,0.57,0.59,5.23,17.32,20.42,3.56056,97.7572,465.71
pluck,chaotic,rete,formant_f2,10,0.29,0.31,17.08,45.27,54.10,5.19947,269.114,984.421
pluck,membrane,rete,formant_f2,10,0.26,0.65,12.73,28.26,45.37,2.23067,269.735,988.729
pluck,plate_circ,rete,formant_f2,10,0.86,0.98,9.29,14.62,44.59,11.3202,127.94,657.833
pluck,plate_rect,rete,formant_f2,10,0.08,0.15,8.86,23.88,36.81,1.61353,152.279,611.072
pluck,soundboard,rete,formant_f2,10,0.94,1.10,10.81,18.99,32.79,4.27152,217.571,631.167
pluck,tube,rete,formant_f2,10,0.04,0.32,6.87,12.51,28.91,0.855368,135.599,767.093
shaker,bar,rete,formant_f2,10,2.23,3.21,11.09,24.07,37.93,24.0913,192.956,654.03
shaker,chaotic,rete,formant_f2,10,2.36,2.71,15.82,34.36,50.97,48.1656,213.428,572.836
shaker,membrane,rete,formant_f2,10,0.28,2.74,17.03,40.63,47.89,2.20758,284.37,1190.89
shaker,plate_circ,rete,formant_f2,10,0.40,1.85,14.31,32.35,46.94,4.49609,330.025,1653.42
shaker,plate_rect,rete,formant_f2,10,0.18,0.65,8.98,18.48,20.11,4.30674,204.236,614.257
shaker,soundboard,rete,formant_f2,10,3.16,6.91,20.41,34.89,56.33,60.1824,342.039,795.09
shaker,tube,rete,formant_f2,10,0.33,0.68,14.04,24.15,38.94,9.40424,322.227,984.359
strike,bar,rete,formant_f2,10,0.21,0.24,12.04,22.21,43.78,2.45169,174.472,589.365
strike,chaotic,rete,formant_f2,10,0.00,0.52,5.59,15.25,16.42,0.115594,96.3943,325.206
strike,membrane,rete,formant_f2,10,1.77,1.92,17.57,34.44,61.35,24.5258,275.263,1202.11
strike,plate_circ,rete,formant_f2,10,0.06,0.06,9.06,25.04,42.74,0.315207,174.143,798.834
strike,plate_rect,rete,formant_f2,10,0.02,0.04,7.34,19.46,28.42,0.397946,91.7635,342.577
strike,soundboard,rete,formant_f2,10,0.07,0.20,7.49,17.64,23.16,0.693333,158.476,504.531
strike,tube,rete,formant_f2,10,0.50,0.74,7.61,21.31,36.81,6.2238,131.265,657.393
vocal,bar,rete,formant_f2,10,1.65,2.09,7.68,17.95,31.98,17.4616,160.018,622.228
vocal,chaotic,rete,formant_f2,10,0.33,1.08,8.09,13.41,32.88,4.68151,155.342,368.285
vocal,membrane,rete,formant_f2,10,0.19,1.23,15.66,35.58,57.77,5.5173,303.786,982.632
vocal,plate_circ,rete,formant_f2,10,1.74,4.67,15.67,33.77,41.87,13.2444,340.139,856.941
vocal,plate_rect,rete,formant_f2,10,0.56,0.81,9.10,16.67,36.99,10.9038,149.007,378.161
vocal,soundboard,rete,formant_f2,10,0.01,0.45,11.06,32.80,44.34,0.303655,220.602,881.684
vocal,tube,rete,formant_f2,10,0.92,1.14,19.25,38.24,52.14,24.8884,561.298,1817.5
bird,bar,rete,formant_f3,10,0.45,1.91,19.19,42.93,52.04,6.31288,293.377,696.368
bird,chaotic,rete,formant_f3,10,0.01,0.03,13.57,36.44,37.56,0.196363,224.271,696.454
bird,membrane,rete,formant_f3,10,0.45,0.63,12.08,21.87,23.71,9.73232,203.743,500.772
bird,plate_circ,rete,formant_f3,10,0.10,0.49,16.71,41.99,49.94,1.40365,303.369,862.678
bird,plate_rect,rete,formant_f3,10,0.01,0.13,8.85,25.90,33.39,0.0955595,163.964,582.473
bird,soundboard,rete,formant_f3,10,0.27,0.60,13.03,22.10,86.07,6.11618,247.18,1688.28
bird,tube,rete,formant_f3,10,0.14,0.83,15.17,28.18,36.52,2.04592,295.727,807.478
blow,bar,rete,formant_f3,10,0.02,0.96,19.30,38.29,85.32,0.429814,272.151,1054.59
blow,chaotic,rete,formant_f3,10,0.02,0.03,14.03,35.91,37.01,0.433139,249.523,700.261
blow,membrane,rete,formant_f3,10,0.26,0.38,9.06,20.60,32.83,3.36765,181.085,877.673
blow,plate_circ,rete,formant_f3,10,0.02,0.03,18.04,35.68,85.03,0.301957,276.496,1332.1
blow,plate_rect,rete,formant_f3,10,0.63,2.41,13.05,27.11,33.65,5.29176,227.85,523.984
blow,soundboard,rete,formant_f3,10,0.31,0.60,26.61,50.89,90.79,4.9634,404.376,1540.04
blow,tube,rete,formant_f3,10,0.42,0.93,14.58,21.82,32.31,5.57238,241.513,627.056
bow,bar,rete,formant_f3,10,0.03,1.14,16.57,37.68,48.13,0.396272,293.633,927.409
bow,chaotic,rete,formant_f3,10,1.33,1.52,10.24,32.31,32.67,22.103,181.719,589.31
bow,membrane,rete,formant_f3,10,0.78,1.42,18.50,38.85,43.49,11.0471,325.405,822.589
bow,plate_circ,rete,formant_f3,10,0.35,1.60,17.02,45.48,47.27,7.053,245.531,658.349
bow,plate_rect,rete,formant_f3,10,0.21,0.21,20.74,40.26,68.59,3.27429,361.762,1333.22
bow,soundboard,rete,formant_f3,10,0.23,2.73,17.71,36.43,37.75,4.7215,339.094,919.454
bow,tube,rete,formant_f3,10,2.82,4.44,23.35,47.88,88.04,45.2616,429.269,1871.24
chaos,bar,rete,formant_f3,10,0.57,1.99,17.51,30.93,36.70,11.5119,255.271,534.872
chaos,chaotic,rete,formant_f3,10,1.11,2.08,10.32,17.70,22.97,22.6723,143.141,404.918
chaos,membrane,rete,formant_f3,10,0.57,1.70,9.49,17.71,46.77,7.21234,141.842,640.389
chaos,plate_circ,rete,formant_f3,10,0.15,0.39,11.45,22.55,63.93,2.40247,145.968,552.955
chaos,plate_rect,rete,formant_f3,10,1.32,10.07,23.13,39.11,73.28,11.2794,406.59,1337.91
chaos,soundboard,rete,formant_f3,10,0.84,1.78,14.09,26.90,42.54,13.5995,211.108,534.452
chaos,tube,rete,formant_f3,10,1.76,1.83,11.06,19.54,39.84,27.65,195.867,701.005
mechanical,bar,rete,formant_f3,10,0.08,0.13,12.29,25.99,33.35,1.14666,213.948,639.651
mechanical,chaotic,rete,formant_f3,10,0.51,4.92,14.14,30.43,36.81,5.60918,213.155,689.498
mechanical,membrane,rete,formant_f3,10,0.55,2.06,15.88,36.80,49.20,7.29257,256.627,780.584
mechanical,plate_circ,rete,formant_f3,10,0.35,0.46,12.04,23.82,31.54,4.82951,185.016,586.495
mechanical,plate_rect,rete,formant_f3,10,1.34,2.11,24.35,46.57,53.98,31.2136,428.332,1178.83
mechanical,soundboard,rete,formant_f3,10,0.06,0.16,15.64,35.31,67.78,0.895131,291.507,1407.09
mechanical,tube,rete,formant_f3,10,1.44,1.80,18.17,46.60,50.36,25.8627,309.203,908.847
noise,bar,rete,formant_f3,10,0.61,1.93,12.79,29.09,47.74,9.06108,206.806,743.492
noise,chaotic,rete,formant_f3,9,1.98,3.65,18.06,35.86,37.73,31.7596,306.38,671.918
noise,membrane,rete,formant_f3,8,0.72,3.08,12.63,20.59,21.77,10.984,236.75,517.843
noise,plate_circ,rete,formant_f3,9,0.63,2.21,14.45,32.20,53.79,9.25729,211.428,695.873
noise,plate_rect,rete,formant_f3,10,1.00,1.03,22.51,47.44,98.27,15.1649,368.481,1392.11
noise,soundboard,rete,formant_f3,10,1.39,9.34,30.99,74.83,86.49,25.5529,528.857,1321.97
noise,tube,rete,formant_f3,9,0.31,1.43,9.17,18.19,24.99,6.27985,162.664,392.932
pluck,bar,rete,formant_f3,10,0.30,0.32,4.94,10.10,10.74,4.11764,86.6315,183.167
pluck,chaotic,rete,formant_f3,10,0.78,1.67,10.42,22.74,44.91,10.7489,143.455,539.465
pluck,membrane,rete,formant_f3,10,0.23,0.74,13.76,36.53,37.79,2.47181,215.114,806.848
pluck,plate_circ,rete,formant_f3,10,2.87,4.37,14.43,21.63,25.15,46.7157,182.445,316.785
pluck,plate_rect,rete,formant_f3,10,0.00,0.40,25.24,63.93,81.51,0.0532096,333.968,1048.86
pluck,soundboard,rete,formant_f3,10,2.00,2.89,23.46,50.10,53.99,26.4768,370.843,1179.07
pluck,tube,rete,formant_f3,10,0.54,2.19,11.21,21.63,30.71,7.48965,185.116,485.081
shaker,bar,rete,formant_f3,10,2.00,3.69,11.09,25.15,27.81,30.8712,185.441,444.17
shaker,chaotic,rete,formant_f3,10,0.44,2.44,16.92,31.29,70.46,7.12871,260.968,1025.62
shaker,membrane,rete,formant_f3,10,0.17,0.64,20.47,42.48,95.75,2.46323,370.762,2084.31
shaker,plate_circ,rete,formant_f3,10,2.22,3.81,15.09,27.13,51.51,28.0789,276.847,1296.19
shaker,plate_rect,rete,formant_f3,10,0.66,0.78,8.33,19.34,20.36,9.48885,141.84,395.584
shaker,soundboard,rete,formant_f3,10,0.67,1.89,15.02,30.33,56.31,12.6689,241.176,683.336
shaker,tube,rete,formant_f3,10,2.69,6.79,14.96,21.46,57.13,48.5606,265.527,1083.25
strike,bar,rete,formant_f3,10,0.66,1.21,15.67,42.75,51.51,10.1958,288.44,931.085
strike,chaotic,rete,formant_f3,10,0.03,0.99,26.52,56.66,90.42,0.367269,445.069,1368.83
strike,membrane,rete,formant_f3,10,2.19,2.68,32.24,57.30,111.77,23.3824,495.51,1831.7
strike,plate_circ,rete,formant_f3,10,0.04,0.15,10.35,31.67,44.75,0.740847,170.861,772.22
strike,plate_rect,rete,formant_f3,10,0.00,0.02,5.29,22.40,24.11,0.0437212,85.5016,416.357
strike,soundboard,rete,formant_f3,10,0.08,0.19,17.58,34.09,35.50,1.17566,269.634,773.853
strike,tube,rete,formant_f3,10,1.22,1.42,9.57,16.62,19.35,22.2036,177.054,560.307
vocal,bar,rete,formant_f3,10,0.31,0.75,15.00,31.19,56.57,4.26913,259.333,1087.57
vocal,chaotic,rete,formant_f3,10,0.72,2.53,16.49,38.29,41.02,18.4595,235.034,607.12
vocal,membrane,rete,formant_f3,10,0.97,2.52,19.64,33.00,42.18,23.7198,339.231,751.068
vocal,plate_circ,rete,formant_f3,10,0.19,1.13,16.74,37.17,42.11,2.60506,330.9,1018.42
vocal,plate_rect,rete,formant_f3,10,0.18,0.90,11.03,23.45,24.42,3.63792,180.416,411.163
vocal,soundboard,rete,formant_f3,10,2.14,5.93,22.60,39.50,58.80,40.6675,357.123,681.543
vocal,tube,rete,formant_f3,10,0.30,5.68,18.45,30.96,78.92,4.75106,363.838,1340.72
bird,bar,rete,mod_rate,10,0.49,0.59,10.55,18.90,55.51,0.00771737,0.785873,4.11411
bird,chaotic,rete,mod_rate,10,0.34,0.99,8.75,13.40,37.87,0.0129277,0.358373,1.08948
bird,membrane,rete,mod_rate,10,0.26,0.27,17.81,61.89,101.30,0.00735929,2.38074,18.7172
bird,plate_circ,rete,mod_rate,10,0.64,0.84,14.12,27.02,30.66,0.0235019,1.31819,5.02146
bird,plate_rect,rete,mod_rate,10,0.60,0.93,4.42,8.47,10.03,0.0207428,0.589389,4.06027
bird,soundboard,rete,mod_rate,10,0.00,0.24,5.35,11.80,16.47,2.46905e-05,0.637601,5.15504
bird,tube,rete,mod_rate,10,0.96,1.23,10.03,21.23,37.98,0.045088,1.67834,7.12847
blow,bar,rete,mod_rate,10,1.69,3.14,14.39,18.22,94.97,0.0471746,1.88855,17.082
blow,chaotic,rete,mod_rate,10,0.31,0.32,7.11,12.65,39.49,0.0104347,0.309395,0.782242
blow,membrane,rete,mod_rate,10,1.06,1.74,15.29,32.09,72.28,0.0373814,1.92204,10.4732
blow,plate_circ,rete,mod_rate,10,0.36,0.51,7.70,14.91,21.18,0.0129998,0.708725,3.23783
blow,plate_rect,rete,mod_rate,10,0.89,3.03,12.98,28.84,36.80,0.0243158,1.10719,5.45512
blow,soundboard,rete,mod_rate,10,0.00,0.00,15.32,35.66,80.15,1.94777e-05,2.23298,13.493
blow,tube,rete,mod_rate,10,0.00,0.02,7.06,16.47,40.19,6.31249e-06,1.41988,13.0002
bow,bar,rete,mod_rate,10,0.13,0.30,8.12,18.02,27.66,0.0107218,0.295105,1.36803
bow,chaotic,rete,mod_rate,10,0.44,0.44,9.74,20.23,29.89,0.0098029,0.338064,1.48975
bow,membrane,rete,mod_rate,10,0.00,0.30,17.04,37.44,87.07,2.07509e-05,1.50402,12.934
bow,plate_circ,rete,mod_rate,10,2.04,3.69,9.79,17.22,30.92,0.0636796,1.47332,6.18102
bow,plate_rect,rete,mod_rate,10,0.54,0.90,7.96,14.02,21.86,0.0225552,0.72156,4.22458
bow,soundboard,rete,mod_rate,10,0.68,1.83,8.64,19.89,25.21,0.024033,0.340555,1.52288
bow,tube,rete,mod_rate,10,0.31,0.36,24.49,37.14,173.86,0.0103215,0.908087,4.89457
chaos,bar,rete,mod_rate,10,0.00,0.34,9.97,35.11,35.83,5.56073e-05,0.55115,3.91493
chaos,chaotic,rete,mod_rate,10,0.36,0.60,7.96,22.73,28.35,0.00963666,0.388687,2.35062
chaos,membrane,rete,mod_rate,10,0.00,0.15,11.63,39.80,45.83,4.99356e-05,1.29594,9.00005
chaos,plate_circ,rete,mod_rate,10,0.14,0.34,8.24,16.89,18.44,0.00441835,0.310694,0.879138
chaos,plate_rect,rete,mod_rate,10,1.06,1.07,10.42,20.63,38.97,0.0349431,0.591186,3.08943
chaos,soundboard,rete,mod_rate,10,0.17,0.35,15.18,28.88,41.49,0.00432199,1.89322,7.85374
chaos,tube,rete,mod_rate,10,0.35,0.43,6.70,15.15,18.63,0.00956788,0.248309,0.865051
mechanical,bar,rete,mod_rate,10,0.35,0.35,12.31,36.11,45.15,0.0119245,0.370903,1.10807
mechanical,chaotic,rete,mod_rate,10,0.34,0.96,9.03,30.30,35.69,0.0116449,0.30352,1.43776
mechanical,membrane,rete,mod_rate,10,0.07,0.44,9.12,19.23,40.60,0.0013671,2.03606,14.2129
mechanical,plate_circ,rete,mod_rate,10,0.00,0.00,3.61,7.88,20.23,1.2007e-05,0.118846,0.483424
mechanical,plate_rect,rete,mod_rate,10,0.06,1.15,8.08,20.96,24.21,0.00161241,0.515659,1.89441
mechanical,soundboard,rete,mod_rate,10,0.06,0.31,3.54,7.52,8.70,0.00178034,0.0945383,0.187583
mechanical,tube,rete,mod_rate,10,0.00,0.32,12.71,35.75,63.17,1.62776e-05,1.33777,7.86656
noise,bar,rete,mod_rate,10,0.30,0.66,7.51,14.07,21.63,0.00935158,0.408533,1.80332
noise,chaotic,rete,mod_rate,10,0.23,0.96,10.81,24.87,32.42,0.0101489,0.903116,5.63624
noise,membrane,rete,mod_rate,10,0.22,0.65,11.84,35.48,45.80,0.00590027,0.850629,5.71681
noise,plate_circ,rete,mod_rate,10,1.43,2.27,19.15,55.73,58.25,0.0262245,1.80505,6.98282
noise,plate_rect,rete,mod_rate,10,0.22,0.97,11.85,36.94,44.07,0.00577529,1.21771,6.06567
noise,soundboard,rete,mod_rate,10,1.73,1.90,13.93,23.44,24.51,0.0402294,0.282687,0.463467
noise,tube,rete,mod_rate,10,1.42,3.56,42.21,91.12,242.70,0.0838332,3.96714,13.9483
pluck,bar,rete,mod_rate,10,0.03,0.92,4.70,9.33,12.60,0.0104132,0.0621441,0.244632
pluck,chaotic,rete,mod_rate,10,0.00,1.73,10.17,18.28,40.68,2.38799e-05,0.670502,5.12457
pluck,membrane,rete,mod_rate,10,0.00,0.46,9.96,25.46,57.35,6.37033e-06,0.156675,0.626848
pluck,plate_circ,rete,mod_rate,10,2.87,2.96,8.44,11.78,28.06,0.041644,0.213511,0.842362
pluck,plate_rect,rete,mod_rate,10,0.00,2.96,8.98,12.81,31.29,3.52119e-05,0.255266,1.16401
pluck,soundboard,rete,mod_rate,10,0.31,0.80,27.27,70.96,143.77,0.00190436,1.05311,7.7052
pluck,tube,rete,mod_rate,10,0.08,0.44,7.39,21.50,38.34,0.00144375,0.273993,1.08591
shaker,bar,rete,mod_rate,10,0.01,0.70,25.09,73.88,89.15,0.000415544,2.91819,11.9275
shaker,chaotic,rete,mod_rate,10,0.28,1.63,8.86,13.16,41.41,0.0120838,1.38258,12.879
shaker,membrane,rete,mod_rate,10,0.42,0.54,5.68,12.48,17.98,0.013134,0.158904,0.390536
shaker,plate_circ,rete,mod_rate,10,0.19,0.62,10.24,32.15,41.72,0.0047049,0.360609,1.61308
shaker,plate_rect,rete,mod_rate,10,0.45,1.02,13.20,23.75,47.94,0.0244515,0.842921,3.92379
shaker,soundboard,rete,mod_rate,10,0.00,0.68,5.23,10.17,14.15,2.13923e-05,0.111463,0.464414
shaker,tube,rete,mod_rate,10,0.11,0.74,8.71,15.58,16.95,0.00632443,0.656431,2.5208
strike,bar,rete,mod_rate,10,0.06,0.34,8.78,14.66,38.87,0.00137685,1.19261,7.61726
strike,chaotic,rete,mod_rate,10,0.16,1.68,10.06,13.81,65.41,0.00724265,0.325748,2.34237
strike,membrane,rete,mod_rate,10,0.00,0.37,11.57,29.44,30.91,2.76928e-06,0.219037,0.61
strike,plate_circ,rete,mod_rate,10,0.27,1.18,15.98,40.23,49.76,0.00731658,1.70973,8.04339
strike,plate_rect,rete,mod_rate,10,0.12,1.05,7.62,15.26,26.97,0.00277418,0.233598,1.11799
strike,soundboard,rete,mod_rate,10,0.16,0.37,18.54,52.43,53.23,0.0116541,1.04493,8.12565
strike,tube,rete,mod_rate,10,0.50,0.72,7.12,24.02,26.18,0.0207936,0.740176,4.16108
vocal,bar,rete,mod_rate,10,0.16,1.24,7.11,13.27,36.63,0.00470371,0.237303,0.811342
vocal,chaotic,rete,mod_rate,10,0.00,0.00,1.91,2.75,11.58,2.33204e-05,0.174454,1.45439
vocal,membrane,rete,mod_rate,10,0.00,0.30,6.46,12.28,26.57,2.60091e-05,1.2339,7.33687
vocal,plate_circ,rete,mod_rate,10,0.11,0.90,5.54,10.77,20.16,0.00335931,0.307196,1.63947
vocal,plate_rect,rete,mod_rate,10,0.00,1.44,8.86,16.28,40.65,2.98643e-05,0.466134,2.12574
vocal,soundboard,rete,mod_rate,10,0.00,0.05,11.22,27.05,46.74,2.98643e-05,0.395754,1.27201
vocal,tube,rete,mod_rate,10,0.00,0.89,4.06,7.06,7.39,2.98643e-05,0.905526,3.88768
bird,bar,rete,mod_depth,10,0.75,1.19,10.88,23.78,33.06,0.00483288,0.0836701,0.350377
bird,chaotic,rete,mod_depth,10,0.64,2.63,12.32,29.09,29.51,0.00713476,0.111702,0.455606
bird,membrane,rete,mod_depth,10,0.60,1.88,10.35,22.38,45.27,0.00505771,0.0752135,0.247209
bird,plate_circ,rete,mod_depth,10,0.23,0.36,14.42,30.54,44.65,0.00307702,0.100299,0.422633
bird,plate_rect,rete,mod_depth,10,0.04,1.69,12.72,41.54,41.54,0.000420166,0.064338,0.11606
bird,soundboard,rete,mod_depth,10,0.20,2.47,6.88,9.92,27.93,0.00290914,0.0567399,0.094903
bird,tube,rete,mod_depth,10,0.10,0.48,14.39,29.93,62.19,0.00147712,0.125286,0.424791
blow,bar,rete,mod_depth,10,0.39,0.53,11.69,25.89,49.25,0.00438062,0.0603015,0.179156
blow,chaotic,rete,mod_depth,10,0.77,0.83,9.25,32.41,46.96,0.011236,0.0588879,0.211245
blow,membrane,rete,mod_depth,10,0.36,2.17,11.90,31.35,36.91,0.00521464,0.0887371,0.327834
blow,plate_circ,rete,mod_depth,10,0.88,0.96,8.84,17.62,27.57,0.00833775,0.0729112,0.175004
blow,plate_rect,rete,mod_depth,10,1.34,2.72,11.13,23.08,39.50,0.0165212,0.084149,0.267119
blow,soundboard,rete,mod_depth,10,1.14,1.24,9.52,16.19,18.35,0.014557,0.0668516,0.250192
blow,tube,rete,mod_depth,10,0.04,0.07,2.35,3.75,8.89,1.98657e-07,0.0189112,0.0400306
bow,bar,rete,mod_depth,10,0.12,0.17,4.47,9.14,15.37,0.00189623,0.0464099,0.176204
bow,chaotic,rete,mod_depth,10,0.31,2.70,10.27,21.52,23.39,0.00383232,0.0943016,0.287413
bow,membrane,rete,mod_depth,10,2.14,2.32,20.73,39.76,96.87,0.00689235,0.0622981,0.327576
bow,plate_circ,rete,mod_depth,10,0.36,1.25,11.21,29.08,30.59,0.00235338,0.0839189,0.270842
bow,plate_rect,rete,mod_depth,10,0.98,2.59,6.35,11.94,17.08,0.0117273,0.0730608,0.235765
bow,soundboard,rete,mod_depth,10,0.99,2.64,16.61,38.17,59.29,0.0131745,0.0988455,0.206226
bow,tube,rete,mod_depth,10,0.17,0.38,36.88,80.76,279.99,0.000420053,0.0525955,0.205835
chaos,bar,rete,mod_depth,10,0.07,2.23,11.68,28.60,46.00,0.000849479,0.081043,0.33473
chaos,chaotic,rete,mod_depth,10,0.12,0.27,10.74,35.77,36.20,0.00130311,0.0531065,0.23275
chaos,membrane,rete,mod_depth,10,0.74,1.64,22.68,53.14,62.34,0.00239925,0.090304,0.345648
chaos,plate_circ,rete,mod_depth,10,1.04,1.72,7.74,14.38,22.95,0.0133028,0.0694743,0.177728
chaos,plate_rect,rete,mod_depth,10,0.19,0.30,4.91,11.25,23.63,0.00233426,0.0500977,0.183026
chaos,soundboard,rete,mod_depth,10,0.88,1.14,15.46,56.08,61.19,0.0070167,0.0788761,0.391564
chaos,tube,rete,mod_depth,10,0.09,0.66,4.62,7.69,13.09,0.0010898,0.0513456,0.181206
mechanical,bar,rete,mod_depth,10,1.08,1.16,9.98,30.28,34.76,0.0138303,0.0670965,0.27388
mechanical,chaotic,rete,mod_depth,10,0.06,0.10,4.13,9.83,19.07,0.00029039,0.0385709,0.136723
mechanical,membrane,rete,mod_depth,10,0.67,1.07,7.46,12.44,16.30,0.00614879,0.0652998,0.176769
mechanical,plate_circ,rete,mod_depth,10,0.09,0.62,9.52,20.17,23.96,0.00117065,0.071822,0.227109
mechanical,plate_rect,rete,mod_depth,10,0.58,0.77,10.41,25.80,31.26,0.000724113,0.0805514,0.263437
mechanical,soundboard,rete,mod_depth,10,0.91,1.83,8.02,14.12,38.71,0.01125,0.0498968,0.110012
mechanical,tube,rete,mod_depth,10,0.91,1.04,5.30,11.32,15.94,0.00815869,0.0483945,0.158702
noise,bar,rete,mod_depth,10,0.00,0.48,8.20,20.03,29.93,3.90164e-05,0.0463815,0.18326
noise,chaotic,rete,mod_depth,10,1.41,1.63,48.88,101.14,377.86,0.00465616,0.101835,0.551441
noise,membrane,rete,mod_depth,10,0.52,1.33,68.05,291.41,353.24,0.00472316,0.0659783,0.314519
noise,plate_circ,rete,mod_depth,10,3.70,5.53,49.30,67.13,356.59,0.0442227,0.130028,0.33955
noise,plate_rect,rete,mod_depth,10,0.02,3.11,17.11,34.39,55.04,0.000252799,0.0962533,0.341957
noise,soundboard,rete,mod_depth,10,0.31,0.81,5.80,13.71,14.88,0.00229838,0.0552229,0.134454
noise,tube,rete,mod_depth,10,0.40,3.43,80.02,330.49,364.24,0.00601319,0.148579,0.404264
pluck,bar,rete,mod_depth,10,0.35,1.28,8.78,22.35,37.91,0.00490524,0.0647535,0.21376
pluck,chaotic,rete,mod_depth,10,2.12,3.09,13.40,32.82,42.82,0.00779038,0.0592599,0.180117
pluck,membrane,rete,mod_depth,10,0.37,0.42,13.70,38.69,68.68,0.00510696,0.0747359,0.422939
pluck,plate_circ,rete,mod_depth,10,0.18,0.36,3.83,8.92,9.14,8.99069e-05,0.0337395,0.114187
pluck,plate_rect,rete,mod_depth,10,0.08,0.08,6.93,16.74,37.76,0.000228991,0.0305466,0.0736043
pluck,soundboard,rete,mod_depth,10,2.00,3.12,13.47,37.82,39.33,0.013765,0.0884285,0.273596
pluck,tube,rete,mod_depth,10,0.48,2.07,5.44,9.99,11.89,0.00730776,0.0512177,0.121846
shaker,bar,rete,mod_depth,10,1.11,3.44,11.47,19.30,19.58,0.0059361,0.0670978,0.166589
shaker,chaotic,rete,mod_depth,10,0.62,0.63,6.19,12.56,19.57,0.00271251,0.0557524,0.200199
shaker,membrane,rete,mod_depth,10,0.68,2.40,10.25,20.94,27.28,0.00848235,0.0711962,0.233788
shaker,plate_circ,rete,mod_depth,10,0.53,1.77,14.62,26.12,49.62,0.00800143,0.0472745,0.206706
shaker,plate_rect,rete,mod_depth,10,0.17,2.20,9.76,16.52,30.06,0.00219535,0.074793,0.252428
shaker,soundboard,rete,mod_depth,10,0.07,3.20,8.26,17.41,20.14,0.000854928,0.0777676,0.193925
shaker,tube,rete,mod_depth,10,0.62,2.41,10.47,23.05,26.23,0.0101813,0.0608694,0.121233
strike,bar,rete,mod_depth,10,2.35,2.59,9.14,18.02,25.51,0.00135642,0.0609613,0.166902
strike,chaotic,rete,mod_depth,10,0.88,1.41,9.07,23.41,25.80,0.00754829,0.0635308,0.224749
strike,membrane,rete,mod_depth,10,1.94,4.79,13.90,27.17,40.86,0.0258449,0.132914,0.359998
strike,plate_circ,rete,mod_depth,10,3.61,3.66,8.45,12.34,12.40,0.00443893,0.0516239,0.0972633
strike,plate_rect,rete,mod_depth,10,0.06,1.14,12.07,24.53,28.76,0.000778226,0.0838763,0.228704
strike,soundboard,rete,mod_depth,10,2.18,2.20,15.58,24.27,68.41,0.00912421,0.0955909,0.36936
strike,tube,rete,mod_depth,10,0.17,0.18,9.09,18.84,32.71,0.00229694,0.0427521,0.0963106
vocal,bar,rete,mod_depth,10,0.27,2.05,14.85,36.15,39.91,0.00069171,0.0990049,0.320979
vocal,chaotic,rete,mod_depth,10,0.27,2.21,7.12,14.26,17.02,0.00347862,0.058053,0.140742
vocal,membrane,rete,mod_depth,10,0.89,1.01,8.52,17.38,37.76,0.00192348,0.0626338,0.219194
vocal,plate_circ,rete,mod_depth,10,1.24,1.31,6.86,12.50,24.21,0.00384379,0.0527864,0.164112
vocal,plate_rect,rete,mod_depth,10,0.51,1.04,11.11,32.16,33.11,0.00709025,0.0681484,0.313011
vocal,soundboard,rete,mod_depth,10,0.81,2.88,18.78,29.08,97.79,0.00694177,0.0981399,0.454314
vocal,tube,rete,mod_depth,10,0.18,1.60,9.28,26.37,29.09,0.00286083,0.0671525,0.149849
bird,bar,rete,attack_time,10,0.85,2.00,12.47,21.69,26.88,0.00499397,0.0753552,0.444011
bird,chaotic,rete,attack_time,10,0.18,2.84,10.60,22.58,28.49,0.00497419,0.17812,0.68315
bird,membrane,rete,attack_time,10,1.61,2.32,12.08,27.52,39.42,0.00498494,0.267771,1.23714
bird,plate_circ,rete,attack_time,10,0.86,1.84,18.41,36.47,62.87,0.00498419,0.208013,1.25715
bird,plate_rect,rete,attack_time,10,2.34,2.35,13.00,22.70,29.95,0.00499168,0.236866,0.772827
bird,soundboard,rete,attack_time,10,0.00,6.12,16.28,26.02,46.91,7.87052e-07,0.0897969,0.453968
bird,tube,rete,attack_time,10,4.72,8.36,18.15,32.17,39.60,0.0199516,0.399529,2.43452
blow,bar,rete,attack_time,10,0.41,1.05,10.16,24.09,40.62,0.00499583,0.340165,2.07027
blow,chaotic,rete,attack_time,10,1.12,1.13,8.13,12.45,31.72,0.0049875,0.0732211,0.179605
blow,membrane,rete,attack_time,10,0.00,5.60,20.15,38.92,52.93,1.1649e-06,0.482856,2.30978
blow,plate_circ,rete,attack_time,10,0.01,1.49,11.46,30.82,34.16,2.00834e-05,0.141683,0.96788
blow,plate_rect,rete,attack_time,10,0.01,0.01,7.69,17.03,25.05,4.29682e-06,0.0653049,0.209847
blow,soundboard,rete,attack_time,10,0.00,0.00,11.69,25.08,32.33,4.57648e-06,0.278591,1.91318
blow,tube,rete,attack_time,10,0.00,1.70,6.11,13.19,14.58,4.57648e-06,0.0878533,0.38873
bow,bar,rete,attack_time,10,3.03,4.47,10.10,18.70,20.92,0.00499927,0.133229,0.483773
bow,chaotic,rete,attack_time,10,0.01,0.01,12.09,22.79,22.82,1.82742e-05,0.208546,0.399159
bow,membrane,rete,attack_time,10,0.00,0.00,7.93,22.50,28.80,1.24338e-06,0.131168,0.648564
bow,plate_circ,rete,attack_time,10,1.94,2.71,10.67,25.96,27.35,0.0448946,0.253934,0.983634
bow,plate_rect,rete,attack_time,10,2.91,3.99,9.14,19.97,24.72,0.00995361,0.148529,0.458641
bow,soundboard,rete,attack_time,10,0.00,1.60,11.21,21.23,30.98,1.24338e-06,0.0818678,0.319266
bow,tube,rete,attack_time,10,0.00,1.37,6.83,14.51,20.79,1.24338e-06,0.0923511,0.489228
chaos,bar,rete,attack_time,10,0.00,2.16,10.45,20.54,44.40,1.76556e-06,0.321241,1.20228
chaos,chaotic,rete,attack_time,10,2.09,3.16,8.51,15.57,16.89,0.00996321,0.204192,0.838327
chaos,membrane,rete,attack_time,10,0.00,0.12,10.55,20.36,40.19,9.0661e-07,0.203494,0.639153
chaos,plate_circ,rete,attack_time,10,1.84,1.89,11.01,31.05,36.20,0.00497606,0.07182,0.224471
chaos,plate_rect,rete,attack_time,10,0.91,0.98,8.83,15.67,21.99,0.00498393,0.155578,0.623636
chaos,soundboard,rete,attack_time,10,0.76,0.92,8.60,20.49,26.22,0.00500023,0.0947671,0.538766
chaos,tube,rete,attack_time,10,1.02,3.68,13.10,25.33,31.19,0.00499061,0.0917901,0.274382
mechanical,bar,rete,attack_time,10,2.19,2.64,10.14,21.48,35.00,0.00498146,0.13572,0.878203
mechanical,chaotic,rete,attack_time,10,3.05,4.45,12.31,22.29,34.86,0.00499272,0.0508935,0.159634
mechanical,membrane,rete,attack_time,10,0.00,1.55,11.48,19.78,29.32,5.0128e-06,0.165567,1.03288
mechanical,plate_circ,rete,attack_time,10,0.00,0.00,13.01,27.79,59.68,2.15106e-06,0.0783838,0.449593
mechanical,plate_rect,rete,attack_time,10,1.08,1.37,15.21,36.77,42.36,0.00497599,0.271841,1.32706
mechanical,soundboard,rete,attack_time,10,0.74,2.81,11.02,30.15,31.10,0.00498861,0.0409087,0.119733
mechanical,tube,rete,attack_time,10,0.00,1.66,17.20,46.07,46.27,9.96972e-06,0.312261,1.96023
noise,bar,rete,attack_time,10,7.19,7.26,16.46,29.92,37.63,0.00999531,0.117229,0.448967
noise,chaotic,rete,attack_time,10,4.88,5.82,15.82,22.08,74.70,0.0149647,0.0963108,0.369431
noise,membrane,rete,attack_time,10,0.63,2.97,15.54,46.83,72.67,0.00498781,0.0529072,0.109769
noise,plate_circ,rete,attack_time,10,0.38,4.65,14.33,27.31,54.79,0.00497574,0.130764,0.389261
noise,plate_rect,rete,attack_time,10,0.25,1.77,12.19,25.07,38.23,0.00488234,0.329173,2.04031
noise,soundboard,rete,attack_time,10,0.45,0.49,8.28,20.22,29.10,0.00498325,0.0679364,0.194163
noise,tube,rete,attack_time,10,2.34,3.40,16.41,26.48,75.66,0.024949,0.211053,0.68802
pluck,bar,rete,attack_time,10,0.01,1.19,7.41,14.36,23.17,4.32069e-06,0.0199518,0.0998624
pluck,chaotic,rete,attack_time,10,0.00,0.00,4.25,8.59,15.14,1.73709e-07,0.0114847,0.029935
pluck,membrane,rete,attack_time,10,0.00,0.01,4.14,11.81,18.86,2.4786e-06,0.010477,0.0548699
pluck,plate_circ,rete,attack_time,10,4.22,6.89,15.90,24.56,34.51,0.00498919,0.0324217,0.0698917
pluck,plate_rect,rete,attack_time,10,0.00,0.01,9.15,16.75,17.17,5.30627e-07,0.0204475,0.0698415
pluck,soundboard,rete,attack_time,10,0.00,0.00,5.71,10.45,11.56,1.73709e-07,0.0329397,0.114826
pluck,tube,rete,attack_time,10,0.01,0.01,6.21,14.74,16.70,4.32069e-06,0.0169668,0.114804
shaker,bar,rete,attack_time,10,0.00,7.24,17.28,32.91,37.54,1.76243e-05,0.0818281,0.224634
shaker,chaotic,rete,attack_time,10,0.02,3.33,13.56,27.72,29.53,7.58536e-06,0.112754,0.26941
shaker,membrane,rete,attack_time,10,2.40,2.90,19.63,34.71,39.39,0.00498493,0.155659,0.972856
shaker,plate_circ,rete,attack_time,10,1.10,2.91,17.04,33.75,46.54,0.0147887,0.0912772,0.294244
shaker,plate_rect,rete,attack_time,10,3.56,4.23,15.47,23.65,58.07,0.0149692,0.086793,0.294323
shaker,soundboard,rete,attack_time,10,0.00,0.01,13.46,30.49,39.82,1.95616e-07,0.0697908,0.428484
shaker,tube,rete,attack_time,10,2.92,3.35,9.92,17.01,21.94,0.00499584,0.0409204,0.114736
strike,bar,rete,attack_time,10,0.00,4.34,10.57,18.13,20.06,1.9708e-06,0.0354422,0.154849
strike,chaotic,rete,attack_time,10,0.01,1.74,14.96,29.49,57.48,6.47893e-06,0.0808164,0.339232
strike,membrane,rete,attack_time,10,0.00,1.89,10.86,18.20,30.66,2.75644e-06,0.0404221,0.0698477
strike,plate_circ,rete,attack_time,10,0.00,0.01,12.08,28.99,32.22,7.80876e-07,0.066317,0.234478
strike,plate_rect,rete,attack_time,10,8.44,8.52,19.46,27.86,50.24,0.00498218,0.0688473,0.244485
strike,soundboard,rete,attack_time,10,0.00,0.01,8.76,15.98,26.46,1.83281e-06,0.0304426,0.244474
strike,tube,rete,attack_time,10,0.01,0.86,8.89,17.94,23.99,6.47893e-06,0.0578684,0.389129
vocal,bar,rete,attack_time,10,1.89,2.24,16.86,30.71,57.58,0.0149604,0.422866,1.7111
vocal,chaotic,rete,attack_time,10,0.01,0.01,4.64,9.73,9.89,1.15307e-05,0.0972943,0.658627
vocal,membrane,rete,attack_time,10,0.00,0.00,9.09,24.70,42.70,5.43991e-07,0.246893,1.93513
vocal,plate_circ,rete,attack_time,10,1.03,1.11,15.71,33.65,56.22,0.00999028,0.109259,0.478528
vocal,plate_rect,rete,attack_time,10,0.00,0.33,14.94,30.97,35.78,5.7179e-06,0.17359,1.11737
vocal,soundboard,rete,attack_time,10,0.00,1.42,10.89,23.10,35.20,5.7179e-06,0.225931,1.35181
vocal,tube,rete,attack_time,10,0.00,0.23,12.81,20.70,34.77,5.7179e-06,0.253411,1.15647
bird,bar,rete,decay_time,10,0.51,0.89,5.54,10.42,16.16,0.0149314,0.160487,0.708476
bird,chaotic,rete,decay_time,10,0.24,0.32,5.61,11.22,15.33,0.00498967,0.216662,0.698356
bird,membrane,rete,decay_time,10,1.51,1.94,13.21,36.81,44.76,0.0149601,0.512479,1.54648
bird,plate_circ,rete,decay_time,10,0.18,0.38,6.08,13.55,14.59,0.00492868,0.254715,0.836997
bird,plate_rect,rete,decay_time,10,2.05,2.29,8.34,25.81,30.13,0.00995683,0.171326,0.783184
bird,soundboard,rete,decay_time,10,0.35,1.65,6.71,12.61,21.49,0.00497145,0.197537,0.897608
bird,tube,rete,decay_time,10,2.60,5.10,23.33,37.22,79.18,0.00496575,0.386591,2.4192
blow,bar,rete,decay_time,10,1.82,2.60,15.97,33.24,44.77,0.0349296,0.525954,2.07121
blow,chaotic,rete,decay_time,10,1.41,2.81,5.03,7.23,10.17,0.00998479,0.0931639,0.487958
blow,membrane,rete,decay_time,10,0.31,1.22,13.79,29.91,35.89,0.004995,0.254424,0.943232
blow,plate_circ,rete,decay_time,10,1.71,4.02,10.10,17.11,39.76,0.0199234,0.268979,0.743274
blow,plate_rect,rete,decay_time,10,0.64,0.87,16.46,52.55,55.86,0.0149534,0.409776,2.45347
blow,soundboard,rete,decay_time,10,0.01,0.63,13.36,30.15,30.35,5.29108e-05,0.393715,1.70089
blow,tube,rete,decay_time,10,0.01,0.99,7.78,17.29,18.68,2.57262e-05,0.0728372,0.249605
bow,bar,rete,decay_time,10,1.55,4.03,9.47,17.42,19.44,0.0249473,0.330148,1.17235
bow,chaotic,rete,decay_time,10,0.30,3.54,7.75,11.90,12.54,0.004958,0.336747,0.733742
bow,membrane,rete,decay_time,10,0.00,0.69,9.00,15.57,54.94,6.84346e-06,0.449751,2.52925
bow,plate_circ,rete,decay_time,10,1.67,1.83,5.78,15.36,15.53,0.0150064,0.153776,0.324219
bow,plate_rect,rete,decay_time,10,1.49,2.49,6.79,9.08,28.79,0.00994144,0.0823269,0.214547
bow,soundboard,rete,decay_time,10,1.34,1.73,4.96,8.95,12.21,0.00997479,0.15656,0.613566
bow,tube,rete,decay_time,10,0.00,2.01,16.35,26.20,73.77,2.53319e-06,0.223488,0.668474
chaos,bar,rete,decay_time,10,0.00,1.29,9.34,26.87,32.56,0.000417937,0.248498,1.25216
chaos,chaotic,rete,decay_time,10,0.00,1.02,8.09,17.19,19.16,9.16965e-05,0.349101,1.39649
chaos,membrane,rete,decay_time,10,0.14,0.70,12.82,29.59,35.81,0.00497584,0.259787,0.962543
chaos,plate_circ,rete,decay_time,10,0.58,1.42,7.20,14.86,15.50,0.00997773,0.177574,0.828148
chaos,plate_rect,rete,decay_time,10,1.09,1.19,4.55,12.44,13.39,0.00504192,0.151163,0.673209
chaos,soundboard,rete,decay_time,10,0.01,3.10,12.02,17.29,52.58,4.68512e-05,0.138106,0.553739
chaos,tube,rete,decay_time,10,0.01,0.50,7.04,12.68,23.52,2.02399e-05,0.0632829,0.209486
mechanical,bar,rete,decay_time,10,1.20,1.24,8.41,17.21,19.07,0.00502697,0.255888,0.923023
mechanical,chaotic,rete,decay_time,10,0.00,1.34,5.82,11.89,16.86,6.27419e-06,0.152225,0.638714
mechanical,membrane,rete,decay_time,10,0.00,0.68,9.03,23.83,32.39,1.20091e-05,0.248438,1.11745
mechanical,plate_circ,rete,decay_time,10,0.00,0.11,4.66,11.08,13.34,2.06348e-05,0.12164,0.568743
mechanical,plate_rect,rete,decay_time,10,0.04,0.32,4.30,8.65,11.77,0.00418931,0.196484,0.508886
mechanical,soundboard,rete,decay_time,10,0.14,3.21,5.93,8.65,12.78,0.00504961,0.148132,0.453382
mechanical,tube,rete,decay_time,10,1.61,5.20,15.17,36.49,41.26,0.00989257,0.331258,1.83084
noise,bar,rete,decay_time,10,0.30,2.28,12.32,31.71,34.84,0.0099971,0.181527,0.668473
noise,chaotic,rete,decay_time,10,1.66,1.69,7.96,12.47,39.58,0.0100224,0.149187,0.538792
noise,membrane,rete,decay_time,10,0.63,1.29,4.63,7.88,10.29,0.00995633,0.252045,0.868464
noise,plate_circ,rete,decay_time,10,1.28,2.54,10.44,18.34,38.64,0.0350071,0.192673,0.883442
noise,plate_rect,rete,decay_time,10,0.22,0.38,14.29,24.93,50.56,0.00997524,0.350588,1.80535
noise,soundboard,rete,decay_time,10,3.20,4.02,10.45,22.69,23.23,0.034915,0.302908,0.793581
noise,tube,rete,decay_time,10,1.88,3.72,17.65,48.72,67.85,0.0250008,0.146188,0.30933
pluck,bar,rete,decay_time,10,0.30,1.93,10.00,23.57,35.56,0.0152687,0.360234,1.91113
pluck,chaotic,rete,decay_time,10,0.00,1.08,6.74,18.09,19.50,5.90372e-05,0.267507,1.07807
pluck,membrane,rete,decay_time,10,0.01,1.57,11.76,28.33,32.04,0.000721596,0.188623,0.723228
pluck,plate_circ,rete,decay_time,10,0.63,1.15,3.94,8.00,8.19,0.0200687,0.110198,0.314015
pluck,plate_rect,rete,decay_time,10,1.40,1.59,5.33,11.65,11.83,0.0249707,0.142692,0.413958
pluck,soundboard,rete,decay_time,10,0.26,0.44,3.45,6.42,8.44,0.00505717,0.12662,0.473773
pluck,tube,rete,decay_time,10,0.00,0.06,3.97,8.85,10.13,4.31528e-06,0.088296,0.463083
shaker,bar,rete,decay_time,10,2.07,2.63,4.19,6.16,7.62,0.0200624,0.202035,0.520217
shaker,chaotic,rete,decay_time,10,0.41,0.75,4.22,7.93,11.46,0.0149403,0.158703,0.618727
shaker,membrane,rete,decay_time,10,0.47,1.21,8.43,16.21,36.22,0.00496815,0.289396,1.36697
shaker,plate_circ,rete,decay_time,10,0.16,0.81,3.83,7.64,7.97,0.0151187,0.151089,0.398596
shaker,plate_rect,rete,decay_time,10,0.11,1.53,5.32,8.10,9.10,0.00474773,0.203673,0.649507
shaker,soundboard,rete,decay_time,10,1.03,1.50,8.22,17.78,23.43,0.014955,0.231422,0.643365
shaker,tube,rete,decay_time,10,0.00,0.73,7.16,24.85,27.16,2.74147e-06,0.0577983,0.114755
strike,bar,rete,decay_time,10,0.00,0.06,3.93,9.26,12.09,7.07843e-05,0.150219,0.902724
strike,chaotic,rete,decay_time,10,0.46,2.23,9.94,24.14,43.28,0.00506159,0.218463,0.478935
strike,membrane,rete,decay_time,10,2.21,2.65,5.85,10.36,11.19,0.0299442,0.162149,0.289118
strike,plate_circ,rete,decay_time,10,0.12,0.23,3.40,12.17,13.70,0.00504706,0.16717,0.643614
strike,plate_rect,rete,decay_time,10,0.05,0.88,5.84,11.31,16.61,0.00501752,0.146455,0.489083
strike,soundboard,rete,decay_time,10,0.06,0.89,3.20,6.97,7.01,0.00591225,0.120881,0.569265
strike,tube,rete,decay_time,10,0.05,1.69,6.20,10.75,16.10,0.00489014,0.0892889,0.389383
vocal,bar,rete,decay_time,10,1.08,1.33,9.68,25.10,32.48,0.0249802,0.294993,1.09694
vocal,chaotic,rete,decay_time,10,0.00,0.19,5.47,11.05,17.66,9.43399e-06,0.0788329,0.334291
vocal,membrane,rete,decay_time,10,3.02,3.06,8.42,11.57,35.16,0.0298778,0.256403,1.33197
vocal,plate_circ,rete,decay_time,10,0.10,0.41,5.45,10.16,11.46,0.00970016,0.189029,0.445049
vocal,plate_rect,rete,decay_time,10,0.01,1.40,12.85,34.47,40.24,5.47514e-05,0.416852,1.9294
vocal,soundboard,rete,decay_time,10,0.29,1.09,5.04,10.14,14.46,0.0249304,0.168575,0.578572
vocal,tube,rete,decay_time,10,0.72,1.35,10.92,24.57,34.35,0.00496951,0.124208,0.493855
bird,bar,rete,pitch,6,0.00,0.02,0.18,0.45,0.62,0.0234562,5.23703,18.7049
bird,chaotic,rete,pitch,5,0.01,0.01,0.09,0.20,0.26,0.298569,1.8741,7.09752
bird,membrane,rete,pitch,4,0.10,0.14,0.40,0.64,0.66,6.88003,11.0595,13.8168
bird,plate_circ,rete,pitch,3,0.18,0.20,0.25,0.31,0.33,1.92159,8.04071,11.908
bird,plate_rect,rete,pitch,7,0.01,0.07,0.22,0.34,0.34,0.707631,7.93768,16.6494
bird,soundboard,rete,pitch,8,0.00,0.02,0.24,0.64,0.71,0.0341587,8.12424,23.1098
bird,tube,rete,pitch,5,0.01,0.01,0.14,0.29,0.30,0.0593755,6.04591,13.1793
blow,bar,rete,pitch,5,0.01,0.02,0.06,0.12,0.17,0.080365,0.317896,0.92289
blow,chaotic,rete,pitch,7,0.00,0.00,0.08,0.22,0.44,0.00482985,1.86107,10.736
blow,membrane,rete,pitch,7,0.00,0.01,0.12,0.32,0.75,0.0114002,1.88564,12.6943
blow,plate_circ,rete,pitch,7,0.00,0.01,0.11,0.29,0.44,0.0138845,1.03148,4.91578
blow,plate_rect,rete,pitch,7,0.00,0.00,9.21,25.81,64.39,0.00155016,17.9396,122.417
blow,soundboard,rete,pitch,7,0.00,0.01,0.10,0.25,0.47,0.00519399,2.38244,14.4917
blow,tube,rete,pitch,7,0.00,0.00,0.00,0.01,0.01,0.0018538,0.0228119,0.0866254
bow,bar,rete,pitch,7,0.01,0.01,0.03,0.07,0.08,0.0283288,0.523064,2.29816
bow,chaotic,rete,pitch,8,0.00,0.00,11.98,28.77,95.61,0.00574152,141.794,1127.1
bow,membrane,rete,pitch,6,0.01,0.01,3.92,11.68,23.18,0.138911,34.9597,204.785
bow,plate_circ,rete,pitch,4,0.00,0.00,0.02,0.04,0.05,0.00781672,0.410769,1.45063
bow,plate_rect,rete,pitch,9,0.00,0.00,0.05,0.15,0.15,0.0024772,0.87799,2.63813
bow,soundboard,rete,pitch,7,0.00,0.01,0.13,0.29,0.46,0.145206,2.44855,6.37483
bow,tube,rete,pitch,8,0.00,0.00,0.02,0.05,0.08,0.00135271,0.205747,0.544506
chaos,bar,rete,pitch,5,0.01,0.01,0.12,0.31,0.47,0.0165779,2.12649,10.0755
chaos,chaotic,rete,pitch,9,0.02,0.03,1.30,2.55,10.57,0.0529656,4.46923,21.9919
chaos,membrane,rete,pitch,7,0.00,0.01,0.15,0.46,0.54,0.00447702,2.29946,13.0753
chaos,plate_circ,rete,pitch,8,0.01,0.01,0.17,0.50,0.56,0.0199868,1.78483,6.68113
chaos,plate_rect,rete,pitch,8,0.00,0.01,0.05,0.14,0.15,0.00527162,0.328481,1.08228
chaos,soundboard,rete,pitch,10,0.01,0.02,0.07,0.12,0.26,0.0365586,0.910453,4.45245
chaos,tube,rete,pitch,8,0.00,0.01,6.63,15.97,52.22,0.00645112,32.0101,244.142
mechanical,bar,rete,pitch,4,0.00,0.00,0.05,0.10,0.12,0.00586634,4.20675,13.2245
mechanical,chaotic,rete,pitch,4,0.01,0.01,0.07,0.16,0.20,0.280313,0.898392,2.51503
mechanical,membrane,rete,pitch,1,0.03,0.03,0.03,0.03,0.03,1.11848,1.11848,1.11848
mechanical,plate_circ,rete,pitch,4,0.01,0.01,0.08,0.19,0.26,0.064556,9.97976,38.7163
mechanical,plate_rect,rete,pitch,3,0.01,0.03,0.08,0.13,0.14,0.238569,4.42904,10.7266
mechanical,soundboard,rete,pitch,9,0.01,0.04,10.60,37.95,63.34,0.18903,219.359,1669.66
mechanical,tube,rete,pitch,4,0.00,0.00,0.02,0.04,0.04,0.0117189,0.335204,0.587922
noise,bar,rete,pitch,3,3.26,3.75,18.43,38.21,46.33,58.6204,290.366,725.514
noise,chaotic,rete,pitch,3,3.50,10.17,45.68,84.72,96.68,16.9261,715.402,1646.44
noise,membrane,rete,pitch,1,4.44,4.44,4.44,4.44,4.44,8.18917,8.18917,8.18917
noise,plate_circ,rete,pitch,5,0.78,1.76,18.44,48.25,75.25,8.10618,756.379,3282.49
noise,plate_rect,rete,pitch,2,3.57,5.49,13.14,20.80,22.71,36.2905,186.946,337.601
noise,soundboard,rete,pitch,3,3.56,3.61,3.74,3.84,3.85,22.5513,42.939,55.0504
noise,tube,rete,pitch,3,1.96,2.73,10.79,20.86,24.62,4.89473,182.808,366.989
pluck,bar,rete,pitch,7,0.00,0.00,0.02,0.03,0.05,0.000281355,0.19545,0.61777
pluck,chaotic,rete,pitch,8,0.00,0.00,4.52,10.85,35.83,0.0040152,96.2724,759.773
pluck,membrane,rete,pitch,9,0.01,0.01,2.55,4.59,22.73,0.0364161,39.7925,353.754
pluck,plate_circ,rete,pitch,4,0.00,0.00,0.01,0.02,0.03,0.000192624,0.20765,0.768361
pluck,plate_rect,rete,pitch,8,0.00,0.01,0.03,0.07,0.08,0.0228208,0.532033,2.66607
pluck,soundboard,rete,pitch,6,0.00,0.01,0.05,0.13,0.22,0.00241889,1.04966,4.72325
pluck,tube,rete,pitch,10,0.00,0.00,0.04,0.09,0.12,0.00150862,0.34705,1.2879
shaker,bar,rete,pitch,3,1.05,1.26,1.80,2.22,2.25,19.3565,89.5767,202.374
shaker,chaotic,rete,pitch,3,1.85,1.93,3.24,4.95,5.62,36.7563,79.9912,124.729
shaker,membrane,rete,pitch,6,0.12,1.16,4.84,8.62,10.68,1.50229,253.03,862.512
shaker,plate_circ,rete,pitch,3,0.89,0.99,1.65,2.42,2.68,17.3507,26.0429,31.3537
shaker,plate_rect,rete,pitch,7,0.19,0.67,13.31,36.61,60.71,7.956,427.958,2235.57
shaker,soundboard,rete,pitch,2,35.98,36.22,37.17,38.12,38.36,133.761,404.635,675.51
shaker,tube,rete,pitch,6,0.81,1.17,14.11,33.66,42.90,12.4625,321.692,1310.89
strike,bar,rete,pitch,4,0.01,0.01,0.08,0.18,0.24,0.219176,2.47036,8.05107
strike,chaotic,rete,pitch,6,0.01,0.01,0.05,0.09,0.10,0.0756406,1.97079,5.82641
strike,membrane,rete,pitch,2,0.01,0.05,0.22,0.39,0.43,0.0389619,3.30516,6.57135
strike,plate_circ,rete,pitch,4,0.00,0.00,0.18,0.46,0.63,0.0498916,0.611409,1.92879
strike,plate_rect,rete,pitch,4,0.01,0.06,0.18,0.30,0.33,0.398605,5.17296,15.0915
strike,soundboard,rete,pitch,6,0.00,0.01,0.09,0.18,0.23,0.0861515,0.999283,3.62258
strike,tube,rete,pitch,6,0.00,0.00,5.78,17.28,34.23,0.0335906,70.8751,417.492
vocal,bar,rete,pitch,4,0.01,0.04,35.34,98.76,140.97,0.04399,508.963,2032.31
vocal,chaotic,rete,pitch,6,0.01,0.03,0.18,0.39,0.59,0.0356317,1.35924,4.5715
vocal,membrane,rete,pitch,6,0.00,0.02,16.17,48.34,96.41,0.00975803,34.0407,198.864
vocal,plate_circ,rete,pitch,4,0.03,0.03,0.04,0.04,0.04,0.0993123,0.193992,0.295275
vocal,plate_rect,rete,pitch,5,0.00,0.00,0.20,0.47,0.50,0.00595563,1.56796,4.13636
vocal,soundboard,rete,pitch,2,0.06,0.07,0.09,0.10,0.11,0.176133,0.186229,0.196325
vocal,tube,rete,pitch,4,0.00,0.01,0.05,0.11,0.14,0.00534471,0.675911,2.57652
bird,bar,+10,spectral_centroid,10,0.05,0.24,3.30,6.28,14.62,0.952769,267.518,1310.73
bird,chaotic,+10,spectral_centroid,10,0.13,0.24,3.45,9.54,10.75,4.40915,182.719,1228.13
bird,membrane,+10,spectral_centroid,10,0.44,3.33,13.22,19.96,29.22,12.7704,858.891,2540.42
bird,plate_circ,+10,spectral_centroid,10,0.21,0.65,4.93,9.11,16.03,3.0803,404.579,1353.12
bird,plate_rect,+10,spectral_centroid,10,0.66,1.38,12.42,31.87,33.08,45.2977,467.201,1047.67
bird,soundboard,+10,spectral_centroid,10,1.25,2.44,8.61,14.20,25.05,100.88,513.036,1026.09
bird,tube,+10,spectral_centroid,10,1.37,1.96,6.18,9.13,17.51,64.8643,398.065,1049.25
blow,bar,+10,spectral_centroid,10,0.37,0.64,10.20,17.80,50.17,3.76579,340.814,1295.56
blow,chaotic,+10,spectral_centroid,10,0.59,0.98,3.68,6.93,13.07,120.129,496.213,1111.47
blow,membrane,+10,spectral_centroid,10,0.21,0.28,9.95,22.31,32.47,3.23447,909.488,3448.34
blow,plate_circ,+10,spectral_centroid,10,0.31,0.33,4.54,11.04,11.52,2.05661,385.7,1261.19
blow,plate_rect,+10,spectral_centroid,10,0.00,0.84,5.09,9.44,23.24,1.79723,643.731,4627.86
blow,soundboard,+10,spectral_centroid,10,0.05,0.31,4.11,7.46,8.30,0.909264,417.281,1566.61
blow,tube,+10,spectral_centroid,10,0.22,0.60,5.72,10.07,18.59,10.4977,433.446,1787.17
bow,bar,+10,spectral_centroid,10,1.98,2.73,6.19,10.91,14.59,17.1232,304.122,1070.24
bow,chaotic,+10,spectral_centroid,10,0.43,1.29,7.32,16.69,23.44,15.7123,486.011,2088.82
bow,membrane,+10,spectral_centroid,10,0.05,0.31,3.17,6.29,16.44,6.47317,125.237,536.538
bow,plate_circ,+10,spectral_centroid,10,1.79,1.83,4.98,10.37,12.20,11.2165,206.383,581.39
bow,plate_rect,+10,spectral_centroid,10,0.06,0.90,5.16,7.52,13.24,1.93691,228.066,779.831
bow,soundboard,+10,spectral_centroid,10,0.37,0.55,6.24,15.02,24.24,15.7541,273.91,1061.05
bow,tube,+10,spectral_centroid,10,0.28,0.94,5.88,11.43,14.75,9.5556,402.513,1067.98
chaos,bar,+10,spectral_centroid,10,0.64,0.69,2.56,5.29,5.60,3.86992,286.314,635.179
chaos,chaotic,+10,spectral_centroid,10,0.08,0.14,2.70,7.64,10.49,8.20088,197.393,484.346
chaos,membrane,+10,spectral_centroid,10,0.17,0.59,5.15,13.26,16.98,9.97149,400.116,826.458
chaos,plate_circ,+10,spectral_centroid,10,1.01,1.02,7.63,16.51,22.63,4.51876,496.433,1037.13
chaos,plate_rect,+10,spectral_centroid,10,1.12,1.85,3.60,5.88,10.36,5.67277,468.593,1144.35
chaos,soundboard,+10,spectral_centroid,10,0.05,0.67,3.21,10.44,10.91,14.4599,678.19,2537.45
chaos,tube,+10,spectral_centroid,10,1.47,1.50,4.64,9.48,14.11,253.607,416.844,849.152
mechanical,bar,+10,spectral_centroid,10,0.64,0.91,5.05,8.73,20.23,36.6289,762.871,2284.34
mechanical,chaotic,+10,spectral_centroid,10,0.20,1.04,5.92,9.79,27.38,33.0628,563.937,1667.49
mechanical,membrane,+10,spectral_centroid,10,0.35,0.42,3.28,7.77,7.84,3.13278,558.368,2142.32
mechanical,plate_circ,+10,spectral_centroid,10,1.08,1.47,7.72,19.53,23.05,42.3313,1144.94,4272.62
mechanical,plate_rect,+10,spectral_centroid,10,1.20,1.56,5.52,11.32,14.11,3.23601,514.615,2417.34
mechanical,soundboard,+10,spectral_centroid,10,0.22,0.87,2.91,4.52,6.37,58.9137,467.388,2196.33
mechanical,tube,+10,spectral_centroid,10,0.50,0.56,3.99,8.33,11.13,137.526,788.396,2777.86
noise,bar,+10,spectral_centroid,10,0.04,0.60,4.41,10.96,21.47,1.20417,102.018,311.185
noise,chaotic,+10,spectral_centroid,10,0.55,0.81,4.92,8.51,21.09,3.31016,428.445,1731.69
noise,membrane,+10,spectral_centroid,10,0.01,1.41,6.64,14.38,23.52,0.186568,390.163,2932.78
noise,plate_circ,+10,spectral_centroid,10,1.02,1.70,3.71,5.91,7.55,13.1068,175.968,539.215
noise,plate_rect,+10,spectral_centroid,10,2.16,2.32,6.94,12.05,13.02,15.6571,504.194,2483.24
noise,soundboard,+10,spectral_centroid,10,0.67,0.86,12.91,23.59,29.00,12.03,966.224,5864.35
noise,tube,+10,spectral_centroid,10,0.26,0.58,3.67,7.49,14.81,8.51381,615.5,3292.78
pluck,bar,+10,spectral_centroid,10,0.34,1.41,6.94,11.90,17.58,3.6485,209.733,584.967
pluck,chaotic,+10,spectral_centroid,10,0.03,0.41,5.63,14.73,18.94,0.445193,135.414,536.31
pluck,membrane,+10,spectral_centroid,10,0.03,0.65,6.00,12.43,28.13,0.458409,206.377,1448.65
pluck,plate_circ,+10,spectral_centroid,10,0.20,0.60,5.21,8.46,16.92,4.66417,115.33,349.505
pluck,plate_rect,+10,spectral_centroid,10,0.08,0.71,8.31,14.08,14.44,2.26526,200.591,644.965
pluck,soundboard,+10,spectral_centroid,10,1.10,2.40,11.27,22.13,25.84,31.0973,329.298,1168.5
pluck,tube,+10,spectral_centroid,10,0.11,0.61,3.58,7.93,10.42,4.85853,71.7088,204.04
shaker,bar,+10,spectral_centroid,10,0.65,1.46,5.49,9.34,14.58,11.1773,178.932,503.043
shaker,chaotic,+10,spectral_centroid,10,0.23,1.02,3.97,6.36,6.64,13.4526,90.5336,205.091
shaker,membrane,+10,spectral_centroid,10,0.07,1.68,5.18,9.47,9.98,1.45398,154.25,432.311
shaker,plate_circ,+10,spectral_centroid,10,0.08,0.57,4.93,14.31,14.57,1.54655,110.351,250.341
shaker,plate_rect,+10,spectral_centroid,10,0.76,1.28,4.04,8.57,9.65,31.1236,150.411,557.417
shaker,soundboard,+10,spectral_centroid,10,1.72,3.22,9.53,20.64,22.06,40.8888,341.03,1182.06
shaker,tube,+10,spectral_centroid,10,0.47,1.78,5.57,10.93,12.29,4.0942,239.507,569.813
strike,bar,+10,spectral_centroid,10,0.06,0.79,5.91,15.35,18.95,0.872897,243.601,1788.44
strike,chaotic,+10,spectral_centroid,10,0.14,0.43,3.14,6.23,12.09,3.98856,94.6632,472.982
strike,membrane,+10,spectral_centroid,10,0.98,3.17,11.46,17.20,28.55,14.966,170.655,461.259
strike,plate_circ,+10,spectral_centroid,10,0.55,0.85,5.94,16.55,24.41,3.59443,74.7631,239.073
strike,plate_rect,+10,spectral_centroid,10,0.01,0.05,5.26,12.08,14.84,0.122045,79.1098,266.871
strike,soundboard,+10,spectral_centroid,10,0.09,0.20,6.20,13.07,17.64,0.762098,196.26,905.13
strike,tube,+10,spectral_centroid,10,0.05,0.25,2.84,7.15,7.79,1.69994,78.0048,520.445
vocal,bar,+10,spectral_centroid,10,0.00,1.30,6.11,10.56,16.26,0.051635,718.859,3278.53
vocal,chaotic,+10,spectral_centroid,10,0.76,1.53,4.96,8.05,10.43,10.1324,559.358,1541.9
vocal,membrane,+10,spectral_centroid,10,0.01,0.27,3.69,7.53,11.27,1.63626,183.998,812.853
vocal,plate_circ,+10,spectral_centroid,10,0.24,0.97,4.73,8.41,15.65,26.0179,593.277,1913.44
vocal,plate_rect,+10,spectral_centroid,10,0.21,0.60,3.77,9.47,14.33,2.37396,189.834,666.18
vocal,soundboard,+10,spectral_centroid,10,0.26,3.37,10.96,20.69,31.58,6.45542,645.384,1562.84
vocal,tube,+10,spectral_centroid,10,0.19,0.36,3.00,8.55,9.61,12.1937,377.928,1556.85
bird,bar,+10,spectral_spread,10,1.85,3.29,7.90,12.67,19.32,55.3841,378.339,1082
bird,chaotic,+10,spectral_spread,10,0.28,0.62,5.92,10.39,23.71,29.7573,156.388,313.818
bird,membrane,+10,spectral_spread,10,1.13,1.25,12.41,26.10,33.90,27.7481,740.82,2621.08
bird,plate_circ,+10,spectral_spread,10,0.54,2.66,10.50,22.20,30.35,46.795,590.979,1670.17
bird,plate_rect,+10,spectral_spread,10,1.01,1.58,7.63,12.51,32.36,10.4455,311.467,1048.23
bird,soundboard,+10,spectral_spread,10,0.67,0.87,7.68,21.12,23.45,24.5384,464.195,1162.03
bird,tube,+10,spectral_spread,10,0.18,0.35,6.57,11.42,30.36,2.99721,494.087,2392.12
blow,bar,+10,spectral_spread,10,0.12,1.01,13.19,27.86,30.63,20.7228,742.165,3894.29
blow,chaotic,+10,spectral_spread,10,0.12,0.41,3.73,6.42,9.75,38.166,705.791,1755.92
blow,membrane,+10,spectral_spread,10,0.01,1.35,9.88,16.88,48.84,1.74086,719.069,2203.65
blow,plate_circ,+10,spectral_spread,10,0.30,0.71,2.27,4.14,4.75,5.48515,245.584,913.318
blow,plate_rect,+10,spectral_spread,10,0.08,0.27,5.20,12.76,16.07,25.8695,513.667,3661.4
blow,soundboard,+10,spectral_spread,10,0.16,0.31,2.30,5.51,7.05,35.1624,246.227,762.735
blow,tube,+10,spectral_spread,10,0.01,0.38,5.35,11.23,19.06,0.383434,684.613,2634.61
bow,bar,+10,spectral_spread,10,0.35,0.54,3.28,7.37,8.63,2.19541,257.437,1153.58
bow,chaotic,+10,spectral_spread,10,0.29,0.61,7.54,14.53,25.14,46.1475,412.182,1720.05
bow,membrane,+10,spectral_spread,10,0.68,0.96,8.75,14.05,43.31,14.4134,333.747,1669.65
bow,plate_circ,+10,spectral_spread,10,0.15,1.40,5.82,10.67,14.60,1.05277,325.481,864.918
bow,plate_rect,+10,spectral_spread,10,0.36,0.58,8.71,19.89,33.42,0.717537,431.653,1075.09
bow,soundboard,+10,spectral_spread,10,0.14,0.16,7.54,10.95,46.29,3.8967,483.775,2626.05
bow,tube,+10,spectral_spread,10,0.39,0.42,3.32,5.56,6.98,29.6664,329.431,728.089
chaos,bar,+10,spectral_spread,10,0.06,0.06,5.73,16.65,31.83,0.152282,388.873,1541.88
chaos,chaotic,+10,spectral_spread,10,0.11,0.16,2.82,7.50,10.22,30.4991,142.49,296.343
chaos,membrane,+10,spectral_spread,10,0.15,0.23,4.35,10.53,17.04,44.6511,422.5,810.272
chaos,plate_circ,+10,spectral_spread,10,0.06,0.40,5.92,16.95,22.08,2.34348,511.546,1709.19
chaos,plate_rect,+10,spectral_spread,10,0.06,0.08,2.59,4.19,12.23,1.8049,352.813,2111.91
chaos,soundboard,+10,spectral_spread,10,0.05,0.05,0.45,1.10,1.15,13.0297,89.1344,323.863
chaos,tube,+10,spectral_spread,10,0.37,0.39,3.24,6.26,15.97,77.4659,302.832,733.06
mechanical,bar,+10,spectral_spread,10,0.20,0.33,6.09,15.00,16.16,14.6795,793.983,3043.82
mechanical,chaotic,+10,spectral_spread,10,0.29,0.73,7.32,16.40,28.18,85.1764,522.955,1307.13
mechanical,membrane,+10,spectral_spread,10,0.20,0.45,4.74,11.30,20.69,0.842318,266.576,863.425
mechanical,plate_circ,+10,spectral_spread,10,0.43,1.84,7.53,17.31,26.12,14.7203,1006.54,3329.68
mechanical,plate_rect,+10,spectral_spread,10,0.12,0.14,6.18,11.99,17.19,0.22319,286.596,1234.81
mechanical,soundboard,+10,spectral_spread,10,0.90,1.03,4.41,11.23,12.86,77.879,432.515,1281.99
mechanical,tube,+10,spectral_spread,10,0.09,0.33,2.80,4.47,8.27,25.3363,583.981,1243.31
noise,bar,+10,spectral_spread,10,0.82,1.08,6.98,17.35,19.10,16.0312,423.388,1915.33
noise,chaotic,+10,spectral_spread,10,1.33,2.15,9.21,18.80,20.63,25.4279,424.03,1773.48
noise,membrane,+10,spectral_spread,10,0.20,3.19,7.08,13.58,22.57,6.69385,139.39,350.823
noise,plate_circ,+10,spectral_spread,10,0.13,1.41,6.78,13.68,15.61,1.83277,201.289,1175.95
noise,plate_rect,+10,spectral_spread,10,0.69,1.25,3.96,8.59,13.74,2.44536,292.404,1132.42
noise,soundboard,+10,spectral_spread,10,3.60,5.08,14.24,27.38,30.54,66.1961,829.783,3764.98
noise,tube,+10,spectral_spread,10,0.14,0.45,2.26,4.73,5.82,1.84502,430.126,1046.64
pluck,bar,+10,spectral_spread,10,0.35,3.19,10.83,22.59,25.54,8.63035,235.78,528.955
pluck,chaotic,+10,spectral_spread,10,1.27,1.64,7.06,13.84,14.06,18.2568,53.1249,129.131
pluck,membrane,+10,spectral_spread,10,0.52,1.10,7.79,13.41,17.83,11.6205,153.088,867.52
pluck,plate_circ,+10,spectral_spread,10,1.62,2.63,9.82,27.08,31.37,32.9698,119.02,492.504
pluck,plate_rect,+10,spectral_spread,10,0.56,0.73,3.39,8.79,9.74,2.66351,82.1231,492.922
pluck,soundboard,+10,spectral_spread,10,0.36,1.38,19.62,35.59,107.14,11.7772,600.649,2224.85
pluck,tube,+10,spectral_spread,10,0.13,0.33,2.94,5.78,8.08,0.804201,126.575,420.481
shaker,bar,+10,spectral_spread,10,0.24,1.00,5.80,14.98,18.27,16.6012,191.954,1035.56
shaker,chaotic,+10,spectral_spread,10,1.00,1.69,6.03,8.94,20.16,20.5061,186.192,416.103
shaker,membrane,+10,spectral_spread,10,0.34,0.46,9.54,20.78,45.54,6.85633,221.396,790.995
shaker,plate_circ,+10,spectral_spread,10,0.40,0.47,12.13,31.20,35.64,16.6729,283.145,975.711
shaker,plate_rect,+10,spectral_spread,10,1.52,2.21,6.22,12.80,14.58,55.4693,172.599,432.025
shaker,soundboard,+10,spectral_spread,10,1.53,1.83,8.42,17.02,17.18,40.1974,239.396,868.25
shaker,tube,+10,spectral_spread,10,4.04,4.12,7.04,9.73,10.81,57.3593,312.329,753.828
strike,bar,+10,spectral_spread,10,0.94,5.40,7.64,9.88,12.88,7.6294,181.934,910.06
strike,chaotic,+10,spectral_spread,10,0.76,3.67,8.21,12.10,29.63,7.28336,80.6821,352.057
strike,membrane,+10,spectral_spread,10,0.77,4.27,8.31,14.94,19.61,9.63222,47.3075,74.8728
strike,plate_circ,+10,spectral_spread,10,0.37,0.37,3.58,8.22,8.27,1.23989,22.9914,67.5335
strike,plate_rect,+10,spectral_spread,10,0.08,3.07,7.23,12.17,14.80,0.227402,63.0279,190.243
strike,soundboard,+10,spectral_spread,10,0.11,0.36,7.72,13.38,19.24,0.120549,115.966,455.673
strike,tube,+10,spectral_spread,10,0.52,1.05,6.04,10.90,23.15,0.980806,53.7551,167.866
vocal,bar,+10,spectral_spread,10,0.21,0.42,2.37,4.34,4.64,5.75555,300.861,807.477
vocal,chaotic,+10,spectral_spread,10,0.69,1.09,5.72,10.20,12.12,61.3163,445.552,1030.48
vocal,membrane,+10,spectral_spread,10,0.51,0.92,3.33,7.06,11.14,1.3991,164.934,466.629
vocal,plate_circ,+10,spectral_spread,10,0.41,0.65,4.80,14.97,16.76,5.83552,357.021,1094.78
vocal,plate_rect,+10,spectral_spread,10,0.02,0.60,7.64,24.68,29.42,3.92335,249.934,925.775
vocal,soundboard,+10,spectral_spread,10,0.14,0.35,9.07,18.63,52.40,5.40033,515.483,2898.38
vocal,tube,+10,spectral_spread,10,0.06,0.66,2.67,5.55,9.20,10.4139,372.906,827.222
bird,bar,+10,spectral_rolloff,10,0.00,0.00,4.20,8.63,19.06,0.0483486,299.342,1056.39
bird,chaotic,+10,spectral_rolloff,10,0.00,0.01,4.76,13.10,16.10,0.0725193,156.05,473.682
bird,membrane,+10,spectral_rolloff,10,0.00,0.01,5.51,13.83,17.21,0.0318702,232.562,1292.47
bird,plate_circ,+10,spectral_rolloff,10,0.00,0.00,10.73,20.10,78.49,0.014793,309.899,1744.23
bird,plate_rect,+10,spectral_rolloff,10,0.00,0.00,5.61,11.72,27.52,0.0183132,199.228,947.343
bird,soundboard,+10,spectral_rolloff,10,0.00,0.00,9.48,24.42,29.57,0.0043225,519.874,2108.75
bird,tube,+10,spectral_rolloff,10,0.00,0.01,6.63,24.46,31.38,0.096149,379.369,1896.47
blow,bar,+10,spectral_rolloff,10,0.00,0.01,8.83,15.00,28.64,0.00226718,265.913,1442.22
blow,chaotic,+10,spectral_rolloff,10,0.00,0.00,4.38,8.34,13.91,0.0562226,762.161,2724.82
blow,membrane,+10,spectral_rolloff,10,0.00,0.22,4.09,7.50,15.76,0.0156532,372.68,2756.58
blow,plate_circ,+10,spectral_rolloff,10,0.00,0.00,6.13,12.49,21.00,0.00270018,907.229,5788.03
blow,plate_rect,+10,spectral_rolloff,10,0.00,1.48,7.38,21.56,21.80,0.019395,463.101,1561.08
blow,soundboard,+10,spectral_rolloff,10,0.00,0.00,5.75,16.56,29.28,0.0316488,561.273,4048.64
blow,tube,+10,spectral_rolloff,10,0.61,1.59,11.23,23.39,26.59,21.4791,677.15,1614.23
bow,bar,+10,spectral_rolloff,10,0.00,0.01,9.14,20.58,24.17,0.00644775,527.506,2993.77
bow,chaotic,+10,spectral_rolloff,10,0.44,0.62,7.55,15.61,19.38,21.5148,349.74,1699.14
bow,membrane,+10,spectral_rolloff,10,0.00,0.00,4.83,12.11,21.86,0.0344946,1046.13,9016.44
bow,plate_circ,+10,spectral_rolloff,10,0.00,0.01,6.49,12.59,20.47,0.0527909,443.45,1592.31
bow,plate_rect,+10,spectral_rolloff,10,0.00,0.00,2.87,9.41,12.65,0.00856811,51.7617,279.983
bow,soundboard,+10,spectral_rolloff,10,0.01,0.16,5.04,16.34,22.35,0.0669252,300.284,1679.29
bow,tube,+10,spectral_rolloff,10,0.00,0.00,11.78,22.59,39.23,0.0345856,587.032,1433.11
chaos,bar,+10,spectral_rolloff,10,0.00,0.01,4.51,8.08,18.03,0.0701763,1048.67,9291.4
chaos,chaotic,+10,spectral_rolloff,10,0.00,0.26,7.64,15.65,19.50,0.00409427,439.016,1119.67
chaos,membrane,+10,spectral_rolloff,10,1.21,1.29,9.72,20.21,28.39,10.7681,509.614,1615.61
chaos,plate_circ,+10,spectral_rolloff,10,0.00,0.01,5.05,12.26,19.67,0.0116878,165.809,818.069
chaos,plate_rect,+10,spectral_rolloff,10,0.00,0.02,8.28,21.36,23.55,0.0614979,682.594,3433.21
chaos,soundboard,+10,spectral_rolloff,10,0.00,0.00,7.63,16.42,16.46,0.0447673,550.676,1338.79
chaos,tube,+10,spectral_rolloff,10,0.00,0.00,2.80,4.93,15.02,0.0141215,103.37,678.139
mechanical,bar,+10,spectral_rolloff,10,0.00,0.00,3.98,9.75,13.36,0.0359787,481.708,3450.11
mechanical,chaotic,+10,spectral_rolloff,10,0.00,0.56,2.67,4.34,11.20,0.10351,370.401,2734.75
mechanical,membrane,+10,spectral_rolloff,10,2.04,2.34,5.79,9.27,23.47,21.4147,851.244,4177.34
mechanical,plate_circ,+10,spectral_rolloff,10,0.00,0.54,15.01,32.85,50.65,0.0737722,1921.28,12817.6
mechanical,plate_rect,+10,spectral_rolloff,10,0.00,0.66,5.17,8.72,9.57,0.234097,207.808,1162.79
mechanical,soundboard,+10,spectral_rolloff,10,0.00,0.00,1.64,4.54,9.77,0.0961794,592.73,3987.87
mechanical,tube,+10,spectral_rolloff,10,0.00,0.01,2.31,7.06,9.71,0.0368194,252.985,774.91
noise,bar,+10,spectral_rolloff,10,0.73,2.09,5.97,7.78,28.77,21.4663,148.571,527.567
noise,chaotic,+10,spectral_rolloff,10,1.09,1.61,6.22,10.65,20.97,21.5221,240.106,753.556
noise,membrane,+10,spectral_rolloff,10,0.67,1.21,5.44,9.98,14.32,10.8154,298.152,1700.51
noise,plate_circ,+10,spectral_rolloff,10,0.00,0.62,5.18,9.26,9.46,0.000833055,162.65,409.325
noise,plate_rect,+10,spectral_rolloff,10,0.00,0.00,3.18,5.67,7.36,0.00808602,128.143,699.983
noise,soundboard,+10,spectral_rolloff,10,1.21,1.71,16.55,38.82,41.21,10.722,1304.95,10766.8
noise,tube,+10,spectral_rolloff,10,0.00,0.24,5.72,9.80,11.98,0.0447095,798.095,6192.39
pluck,bar,+10,spectral_rolloff,10,0.00,0.00,4.65,10.71,22.42,0.0379761,202.329,721.371
pluck,chaotic,+10,spectral_rolloff,10,0.00,0.00,4.80,11.10,20.79,0.00435083,75.3726,398.355
pluck,membrane,+10,spectral_rolloff,10,0.00,0.00,6.09,14.68,39.97,7.92194e-05,256.291,2153.32
pluck,plate_circ,+10,spectral_rolloff,10,0.00,0.72,6.39,11.14,30.95,0.0022194,188.456,915.13
pluck,plate_rect,+10,spectral_rolloff,10,0.00,0.00,5.74,11.88,22.44,0.00782257,302.492,1410.68
pluck,soundboard,+10,spectral_rolloff,10,0.01,0.30,10.01,28.69,33.55,0.101275,275.627,1098.23
pluck,tube,+10,spectral_rolloff,10,0.00,0.00,7.82,20.79,24.94,0.0167802,279.988,1249.95
shaker,bar,+10,spectral_rolloff,10,0.54,0.57,5.41,11.12,11.50,10.6981,201.481,926.623
shaker,chaotic,+10,spectral_rolloff,10,0.01,1.28,6.00,8.23,23.79,0.0818202,139.848,409.108
shaker,membrane,+10,spectral_rolloff,10,1.64,2.15,7.54,13.59,30.04,21.4683,230.36,860.142
shaker,plate_circ,+10,spectral_rolloff,10,0.00,0.73,10.45,29.45,42.78,0.0109397,182.89,752.504
shaker,plate_rect,+10,spectral_rolloff,10,0.00,0.24,3.63,8.02,9.28,0.022833,89.2438,215.33
shaker,soundboard,+10,spectral_rolloff,10,1.70,1.94,9.18,20.42,27.37,64.6068,261.645,1162.9
shaker,tube,+10,spectral_rolloff,10,0.01,1.42,8.58,12.97,16.48,0.0717234,391.831,1270.06
strike,bar,+10,spectral_rolloff,10,0.00,0.00,6.78,19.46,19.77,0.000483485,627.496,5154.44
strike,chaotic,+10,spectral_rolloff,10,0.00,0.00,3.67,8.76,9.46,0.035565,102.391,484.412
strike,membrane,+10,spectral_rolloff,10,0.01,0.01,6.66,15.52,31.57,0.0407948,148.669,581.405
strike,plate_circ,+10,spectral_rolloff,10,0.00,0.00,3.74,12.21,13.36,0.0279664,39.8353,150.612
strike,plate_rect,+10,spectral_rolloff,10,0.00,0.00,5.95,15.26,15.30,0.00470965,104.416,343.827
strike,soundboard,+10,spectral_rolloff,10,0.00,0.00,3.93,9.65,16.58,0.00879947,182.953,947.497
strike,tube,+10,spectral_rolloff,10,0.00,0.00,6.56,18.10,26.06,0.00947724,135.636,731.825
vocal,bar,+10,spectral_rolloff,10,0.00,0.72,11.22,26.66,39.51,0.0565308,1123.96,7879.93
vocal,chaotic,+10,spectral_rolloff,10,0.00,0.00,3.24,7.36,11.79,0.0215729,343.438,1937.9
vocal,membrane,+10,spectral_rolloff,10,0.00,0.01,4.02,8.40,15.17,0.0334557,145.321,710.583
vocal,plate_circ,+10,spectral_rolloff,10,0.00,1.82,15.96,29.28,40.44,0.0590047,1261.56,6400.58
vocal,plate_rect,+10,spectral_rolloff,10,0.00,0.00,9.00,20.42,38.21,0.0171228,323.002,1378.19
vocal,soundboard,+10,spectral_rolloff,10,0.01,0.25,5.94,14.82,19.30,0.0334557,440.773,1819.61
vocal,tube,+10,spectral_rolloff,10,0.00,3.78,8.46,18.57,20.46,0.0136318,700.784,2669.88
bird,bar,+10,spectral_flatness,10,0.28,4.91,12.27,19.57,23.87,0.000441575,0.0200589,0.0381959
bird,chaotic,+10,spectral_flatness,10,1.06,1.29,7.49,14.04,14.88,0.00193929,0.0132648,0.0279391
bird,membrane,+10,spectral_flatness,10,0.89,4.04,7.25,11.76,15.20,0.00194462,0.0136125,0.0314524
bird,plate_circ,+10,spectral_flatness,10,0.62,4.19,9.85,17.74,17.92,0.00159144,0.0171966,0.0361534
bird,plate_rect,+10,spectral_flatness,10,1.91,2.22,8.87,16.16,20.59,0.00190374,0.0156418,0.033287
bird,soundboard,+10,spectral_flatness,10,3.05,3.61,8.74,17.29,18.74,0.00530709,0.0214843,0.0500755
bird,tube,+10,spectral_flatness,10,0.69,3.79,10.44,19.60,22.71,0.00210055,0.0223883,0.0605147
blow,bar,+10,spectral_flatness,10,0.09,0.42,10.50,20.11,54.12,0.000296624,0.0345715,0.135881
blow,chaotic,+10,spectral_flatness,10,0.10,0.24,5.28,10.40,15.24,0.00122107,0.028024,0.0911504
blow,membrane,+10,spectral_flatness,10,1.60,5.18,15.23,28.64,35.43,0.00510099,0.0673878,0.164629
blow,plate_circ,+10,spectral_flatness,10,0.54,1.18,4.47,10.10,10.69,0.00102354,0.0207684,0.068289
blow,plate_rect,+10,spectral_flatness,10,0.23,0.27,8.55,19.62,34.64,0.00134128,0.045205,0.254464
blow,soundboard,+10,spectral_flatness,10,0.35,1.81,8.84,16.62,18.01,0.000853002,0.0392614,0.0823478
blow,tube,+10,spectral_flatness,10,1.09,2.36,7.77,14.94,18.86,0.00466785,0.0278797,0.0632156
bow,bar,+10,spectral_flatness,10,0.78,1.40,14.02,28.93,42.38,0.00108063,0.0198863,0.0467154
bow,chaotic,+10,spectral_flatness,10,1.90,4.19,14.39,21.04,26.23,0.00232931,0.0206113,0.0367388
bow,membrane,+10,spectral_flatness,10,1.27,1.41,12.06,22.49,28.63,0.00176494,0.0186206,0.0351737
bow,plate_circ,+10,spectral_flatness,10,5.32,6.70,14.27,23.64,29.37,0.00772359,0.0186445,0.044847
bow,plate_rect,+10,spectral_flatness,10,1.89,2.28,9.24,14.90,28.57,0.00202194,0.0138482,0.0450423
bow,soundboard,+10,spectral_flatness,10,0.23,1.68,13.04,28.26,31.05,0.00026539,0.0179998,0.0564881
bow,tube,+10,spectral_flatness,10,1.73,3.12,13.06,23.55,23.62,0.00224382,0.0223796,0.0409743
chaos,bar,+10,spectral_flatness,10,2.09,2.55,9.13,18.25,28.88,0.00525331,0.0440316,0.10381
chaos,chaotic,+10,spectral_flatness,10,0.76,1.11,4.73,8.41,10.01,0.00290785,0.0278521,0.0626645
chaos,membrane,+10,spectral_flatness,10,0.82,2.17,7.63,16.89,19.51,0.00812556,0.0326682,0.0677378
chaos,plate_circ,+10,spectral_flatness,10,0.22,3.08,9.28,12.13,33.25,0.0018182,0.0356416,0.0890855
chaos,plate_rect,+10,spectral_flatness,10,1.27,2.37,6.84,12.15,16.43,0.00651716,0.0323448,0.0695753
chaos,soundboard,+10,spectral_flatness,10,0.38,0.43,2.76,4.64,8.77,0.00316234,0.0162727,0.0274271
chaos,tube,+10,spectral_flatness,10,0.81,1.88,7.59,17.92,27.28,0.00378222,0.0357066,0.0886687
mechanical,bar,+10,spectral_flatness,10,0.41,1.44,6.76,15.60,18.57,0.00346034,0.0354084,0.082693
mechanical,chaotic,+10,spectral_flatness,10,1.96,2.03,7.65,12.66,13.70,0.0156885,0.0408994,0.126758
mechanical,membrane,+10,spectral_flatness,10,0.05,1.35,5.53,10.53,12.33,0.000213999,0.027392,0.0643902
mechanical,plate_circ,+10,spectral_flatness,10,1.00,1.59,5.84,11.72,12.21,0.002577,0.0289446,0.0759399
mechanical,plate_rect,+10,spectral_flatness,10,0.75,2.04,12.53,26.22,33.82,0.00656921,0.0549249,0.224543
mechanical,soundboard,+10,spectral_flatness,10,0.25,2.09,8.44,14.08,29.33,0.000560281,0.0363144,0.11082
mechanical,tube,+10,spectral_flatness,10,0.17,0.60,6.83,11.90,13.43,0.00258071,0.0481657,0.113146
noise,bar,+10,spectral_flatness,10,0.99,1.85,8.80,19.95,20.22,0.00196423,0.0273333,0.0676868
noise,chaotic,+10,spectral_flatness,10,0.58,2.50,8.08,15.11,18.99,0.00189315,0.0251387,0.055188
noise,membrane,+10,spectral_flatness,10,0.50,1.35,8.69,16.39,28.80,0.00172196,0.0215588,0.0517708
noise,plate_circ,+10,spectral_flatness,10,2.42,2.43,6.83,13.65,16.62,0.00503429,0.0211841,0.0565621
noise,plate_rect,+10,spectral_flatness,10,2.08,3.53,11.52,19.11,31.99,0.0046844,0.0450615,0.116969
noise,soundboard,+10,spectral_flatness,10,1.92,5.11,11.81,20.52,22.52,0.00566422,0.031739,0.0656848
noise,tube,+10,spectral_flatness,10,0.77,1.51,5.60,10.03,12.36,0.00335212,0.0286276,0.0910115
pluck,bar,+10,spectral_flatness,10,0.31,0.90,12.30,21.26,28.43,0.000657405,0.0217986,0.0699567
pluck,chaotic,+10,spectral_flatness,10,0.67,2.43,8.31,17.66,25.62,0.000990082,0.0118874,0.0343327
pluck,membrane,+10,spectral_flatness,10,0.55,1.97,9.08,19.92,33.45,0.000953427,0.0206614,0.121808
pluck,plate_circ,+10,spectral_flatness,10,3.23,4.46,8.45,12.26,23.67,0.00727564,0.0152648,0.0428434
pluck,plate_rect,+10,spectral_flatness,10,1.49,1.84,7.90,15.51,17.08,0.00330101,0.0126703,0.0305563
pluck,soundboard,+10,spectral_flatness,10,0.62,1.48,9.39,19.52,29.99,0.000853184,0.0155352,0.0396091
pluck,tube,+10,spectral_flatness,10,0.74,2.05,6.90,13.13,14.08,0.00220407,0.0134639,0.0266855
shaker,bar,+10,spectral_flatness,10,1.22,1.27,7.23,15.21,21.05,0.00164028,0.0110336,0.0307866
shaker,chaotic,+10,spectral_flatness,10,1.54,1.55,8.26,15.59,18.56,0.00206097,0.0146101,0.0283993
shaker,membrane,+10,spectral_flatness,10,0.53,0.90,9.34,20.02,26.66,0.00062296,0.0153365,0.0465839
shaker,plate_circ,+10,spectral_flatness,10,0.96,1.04,9.84,14.11,44.19,0.00113497,0.0147196,0.0655007
shaker,plate_rect,+10,spectral_flatness,10,0.10,0.27,7.74,21.44,22.08,0.000244349,0.0125728,0.0413976
shaker,soundboard,+10,spectral_flatness,10,0.08,0.73,10.16,21.00,22.94,9.99926e-05,0.0142747,0.0438964
shaker,tube,+10,spectral_flatness,10,0.22,0.37,5.98,11.63,12.34,0.000349174,0.0102242,0.0214128
strike,bar,+10,spectral_flatness,10,1.88,2.67,10.59,17.74,21.97,0.00214857,0.0142533,0.0338718
strike,chaotic,+10,spectral_flatness,10,0.69,0.92,8.10,13.93,13.98,0.000743838,0.0104191,0.0189752
strike,membrane,+10,spectral_flatness,10,0.35,1.90,10.49,19.84,29.40,0.000370749,0.0152578,0.0426052
strike,plate_circ,+10,spectral_flatness,10,4.07,4.58,13.13,24.07,30.02,0.00354802,0.0209789,0.0553355
strike,plate_rect,+10,spectral_flatness,10,1.26,1.53,13.74,29.78,35.67,0.00181655,0.0201227,0.0563407
strike,soundboard,+10,spectral_flatness,10,1.07,1.71,5.85,11.74,14.49,0.0017554,0.00858928,0.0242622
strike,tube,+10,spectral_flatness,10,0.94,2.18,10.68,20.12,21.81,0.00107069,0.0151593,0.0353852
vocal,bar,+10,spectral_flatness,10,1.18,2.58,8.33,15.62,17.85,0.00549175,0.0296667,0.0916446
vocal,chaotic,+10,spectral_flatness,10,2.85,5.43,8.97,13.01,19.55,0.00618229,0.0426865,0.124425
vocal,membrane,+10,spectral_flatness,10,0.88,1.37,9.20,17.91,21.57,0.00215445,0.0332774,0.0736331
vocal,plate_circ,+10,spectral_flatness,10,2.21,2.51,7.99,12.27,18.46,0.012396,0.0340196,0.0875384
vocal,plate_rect,+10,spectral_flatness,10,2.10,4.02,8.05,15.11,16.98,0.00484698,0.031783,0.0801971
vocal,soundboard,+10,spectral_flatness,10,0.98,4.01,12.05,27.53,28.75,0.00691735,0.0360978,0.0940371
vocal,tube,+10,spectral_flatness,10,0.89,0.95,8.49,20.26,21.23,0.00565587,0.035951,0.0647464
bird,bar,+10,roughness,10,1.19,3.39,10.16,17.98,19.83,0.000658329,0.0247748,0.132692
bird,chaotic,+10,roughness,10,0.56,0.64,5.60,13.21,15.36,5.37136e-06,0.124933,0.992625
bird,membrane,+10,roughness,10,0.00,0.62,7.66,14.32,19.41,3.54298e-06,0.247661,2.28233
bird,plate_circ,+10,roughness,10,0.74,1.94,7.68,13.71,21.81,0.000580468,0.122696,0.467608
bird,plate_rect,+10,roughness,10,3.31,3.81,13.63,24.43,29.27,0.005343,0.0328894,0.0854765
bird,soundboard,+10,roughness,10,0.06,0.68,11.66,29.95,48.12,6.21168e-07,0.0549535,0.226288
bird,tube,+10,roughness,10,0.41,0.86,5.55,11.15,17.86,0.000318268,0.0976204,0.564198
blow,bar,+10,roughness,10,0.57,0.91,4.42,8.66,12.05,8.69621e-06,0.0636733,0.308707
blow,chaotic,+10,roughness,10,0.35,0.81,4.97,9.82,22.87,1.4044e-05,0.0571531,0.302034
blow,membrane,+10,roughness,10,0.91,1.50,9.17,15.45,25.35,0.00050812,0.0932332,0.467503
blow,plate_circ,+10,roughness,10,1.62,1.64,7.61,13.85,18.29,1.55996e-05,0.0908068,0.282049
blow,plate_rect,+10,roughness,10,0.39,0.76,6.19,15.88,16.35,0.00798771,0.0460332,0.159374
blow,soundboard,+10,roughness,10,0.07,0.28,7.24,20.30,34.50,6.01992e-07,0.0274798,0.120201
blow,tube,+10,roughness,10,1.07,2.18,6.15,8.85,18.87,0.00236414,0.10969,0.351344
bow,bar,+10,roughness,10,2.61,4.18,8.34,14.17,15.43,0.00158822,0.0429444,0.127372
bow,chaotic,+10,roughness,10,1.15,1.21,6.53,18.89,26.42,0.00237235,0.034075,0.127343
bow,membrane,+10,roughness,10,1.06,1.55,9.21,22.37,27.06,0.000834085,0.0373131,0.0877938
bow,plate_circ,+10,roughness,10,0.49,0.83,11.32,20.60,23.57,0.000131122,0.0619755,0.293835
bow,plate_rect,+10,roughness,10,0.08,0.26,3.16,6.67,7.60,4.87611e-05,0.0104435,0.0416832
bow,soundboard,+10,roughness,10,0.49,0.82,4.68,11.04,13.28,7.41814e-06,0.0161146,0.0671593
bow,tube,+10,roughness,10,0.78,1.08,7.09,15.66,21.52,0.00300384,0.0750192,0.307347
chaos,bar,+10,roughness,10,0.21,0.46,7.04,12.02,39.43,6.64813e-06,0.107125,0.402208
chaos,chaotic,+10,roughness,10,0.77,1.10,8.81,13.12,60.00,0.00756238,0.117579,0.358384
chaos,membrane,+10,roughness,10,1.42,1.63,8.11,16.81,33.11,0.00868408,0.118192,0.286355
chaos,plate_circ,+10,roughness,10,0.18,0.27,5.72,9.12,36.19,1.97038e-06,0.113227,0.443929
chaos,plate_rect,+10,roughness,10,0.75,2.09,9.13,15.80,38.09,0.00216046,0.119146,0.253646
chaos,soundboard,+10,roughness,10,0.12,0.26,3.47,6.14,8.53,0.000386366,0.119532,0.420101
chaos,tube,+10,roughness,10,0.18,0.40,4.18,7.34,13.23,0.00944628,0.199626,0.721005
mechanical,bar,+10,roughness,10,0.98,1.39,7.03,15.73,16.12,0.0204982,0.184559,0.402328
mechanical,chaotic,+10,roughness,10,0.19,1.26,6.39,11.79,13.91,1.3409e-06,0.409048,1.25228
mechanical,membrane,+10,roughness,10,2.01,2.20,8.11,18.86,24.17,0.0115309,0.45542,1.08883
mechanical,plate_circ,+10,roughness,10,2.16,2.21,9.97,21.45,21.65,0.00294419,0.404324,2.87389
mechanical,plate_rect,+10,roughness,10,2.21,3.91,12.17,20.26,24.02,3.56624e-05,0.388643,3.19483
mechanical,soundboard,+10,roughness,10,0.92,0.93,4.83,11.87,13.23,0.000412298,0.0789817,0.186897
mechanical,tube,+10,roughness,10,0.27,0.84,6.03,9.56,11.74,0.0159159,0.346751,0.77066
noise,bar,+10,roughness,10,0.01,0.15,2.99,5.50,11.12,8.37038e-08,0.114811,0.370825
noise,chaotic,+10,roughness,10,0.06,1.90,10.99,19.92,43.57,6.54746e-07,0.46839,3.51189
noise,membrane,+10,roughness,10,0.71,0.85,5.41,11.15,12.11,8.62848e-06,0.100986,0.360642
noise,plate_circ,+10,roughness,10,0.01,1.13,12.45,35.22,41.80,5.98203e-08,0.211221,1.58783
noise,plate_rect,+10,roughness,10,0.00,0.52,11.78,30.53,45.94,5.0186e-08,0.127281,0.343364
noise,soundboard,+10,roughness,10,1.36,1.71,21.38,51.59,52.74,0.0185628,0.110315,0.474547
noise,tube,+10,roughness,10,0.10,1.20,9.44,17.19,21.12,0.000122161,0.94911,5.04562
pluck,bar,+10,roughness,10,0.44,0.94,5.84,10.52,23.12,2.79284e-05,0.0306398,0.0926341
pluck,chaotic,+10,roughness,10,0.01,0.03,4.78,7.14,22.04,4.65061e-08,0.0309012,0.178975
pluck,membrane,+10,roughness,10,0.00,0.96,6.22,18.84,27.10,2.01747e-08,0.0262822,0.0920137
pluck,plate_circ,+10,roughness,10,0.79,4.63,9.87,21.02,21.87,7.75504e-06,0.0407227,0.134031
pluck,plate_rect,+10,roughness,10,0.72,3.12,14.42,26.86,43.66,1.02797e-05,0.0528041,0.264926
pluck,soundboard,+10,roughness,10,0.01,1.97,9.29,17.37,18.28,4.66548e-08,0.134694,0.463812
pluck,tube,+10,roughness,10,0.01,0.28,6.04,10.64,14.16,4.43452e-08,0.131815,0.445957
shaker,bar,+10,roughness,10,1.03,1.50,9.75,18.27,32.94,4.21646e-05,0.0923887,0.488681
shaker,chaotic,+10,roughness,10,0.76,1.34,13.87,23.90,37.45,1.4297e-05,0.0756742,0.341555
shaker,membrane,+10,roughness,10,0.00,1.61,11.45,22.07,28.27,2.95488e-08,0.0186329,0.0650901
shaker,plate_circ,+10,roughness,10,0.06,0.46,7.86,16.18,16.71,5.00524e-07,0.0427163,0.194531
shaker,plate_rect,+10,roughness,10,0.19,2.67,9.17,19.97,22.01,1.6839e-06,0.0319456,0.178856
shaker,soundboard,+10,roughness,10,3.49,5.63,11.39,14.68,23.83,3.41793e-05,0.0710164,0.256438
shaker,tube,+10,roughness,10,0.00,0.30,6.92,17.11,22.19,2.95488e-08,0.0885948,0.313274
strike,bar,+10,roughness,10,0.00,0.07,4.33,10.22,12.65,1.55906e-09,0.00200286,0.00978457
strike,chaotic,+10,roughness,10,0.00,0.00,3.39,8.43,16.88,1.55826e-09,0.000641809,0.00389671
strike,membrane,+10,roughness,10,0.35,0.46,12.35,31.19,39.74,2.19934e-06,0.00510803,0.0302249
strike,plate_circ,+10,roughness,10,0.00,0.00,10.07,25.39,34.46,1.55906e-09,0.00341988,0.0208613
strike,plate_rect,+10,roughness,10,0.00,0.00,4.69,12.24,20.24,4.50587e-10,0.0038555,0.0218759
strike,soundboard,+10,roughness,10,0.00,0.00,11.93,26.10,51.15,1.55906e-09,0.00418388,0.0271065
strike,tube,+10,roughness,10,0.00,0.26,9.48,24.05,26.62,1.55906e-09,0.0438315,0.285916
vocal,bar,+10,roughness,10,0.01,0.11,5.20,10.29,25.93,8.10954e-08,0.165906,1.0567
vocal,chaotic,+10,roughness,10,0.19,0.33,2.50,5.00,10.36,2.11593e-05,0.121605,0.491087
vocal,membrane,+10,roughness,10,0.02,0.19,1.02,2.20,2.41,1.1712e-07,0.04479,0.166835
vocal,plate_circ,+10,roughness,10,1.29,1.78,6.65,13.97,17.61,1.46504e-05,0.414098,1.92246
vocal,plate_rect,+10,roughness,10,0.38,0.50,5.56,14.42,21.06,2.87783e-06,0.275176,0.776329
vocal,soundboard,+10,roughness,10,3.65,3.81,10.65,20.47,24.14,0.0175721,0.447498,1.14467
vocal,tube,+10,roughness,10,0.71,3.32,8.35,14.22,16.07,0.00976552,0.50736,1.39821
bird,bar,+10,tonal_focus,10,1.04,1.75,5.04,8.50,17.37,0.0107552,0.0522549,0.18013
bird,chaotic,+10,tonal_focus,10,0.45,4.44,9.77,19.99,26.95,0.00462905,0.101324,0.279362
bird,membrane,+10,tonal_focus,10,1.13,2.97,15.38,30.19,31.78,0.0116656,0.159428,0.329437
bird,plate_circ,+10,tonal_focus,10,0.52,1.92,10.35,23.80,28.09,0.00535687,0.107334,0.291266
bird,plate_rect,+10,tonal_focus,10,1.49,2.50,17.12,30.44,43.45,0.0154423,0.177525,0.450506
bird,soundboard,+10,tonal_focus,10,0.36,1.56,14.04,23.75,24.21,0.00374445,0.145602,0.251012
bird,tube,+10,tonal_focus,10,0.99,1.21,10.83,23.07,36.40,0.0102652,0.112258,0.377359
blow,bar,+10,tonal_focus,10,1.16,3.06,11.05,21.35,43.71,0.0119024,0.113337,0.448435
blow,chaotic,+10,tonal_focus,10,0.39,1.53,7.43,16.04,16.68,0.0040105,0.0761844,0.17117
blow,membrane,+10,tonal_focus,10,3.32,4.39,13.97,24.11,41.44,0.0340743,0.143306,0.425145
blow,plate_circ,+10,tonal_focus,10,2.91,3.64,9.93,16.06,19.09,0.0298688,0.101861,0.195868
blow,plate_rect,+10,tonal_focus,10,1.52,1.62,8.94,17.09,38.79,0.0156174,0.0917323,0.397962
blow,soundboard,+10,tonal_focus,10,1.08,4.14,11.71,23.17,26.60,0.0111294,0.12014,0.272927
blow,tube,+10,tonal_focus,10,0.88,1.29,8.15,16.36,18.85,0.00903868,0.0835831,0.193382
bow,bar,+10,tonal_focus,10,0.41,1.90,11.17,25.87,31.62,0.00410771,0.112714,0.319251
bow,chaotic,+10,tonal_focus,10,1.34,3.96,10.35,21.89,29.11,0.013558,0.104492,0.2939
bow,membrane,+10,tonal_focus,10,0.93,2.97,11.08,17.54,31.85,0.00938972,0.111902,0.321559
bow,plate_circ,+10,tonal_focus,10,0.14,0.78,14.37,32.01,35.57,0.0014287,0.145091,0.359114
bow,plate_rect,+10,tonal_focus,10,0.01,0.54,7.97,17.85,21.23,5.95723e-05,0.08044,0.214304
bow,soundboard,+10,tonal_focus,10,1.02,2.27,10.32,23.93,25.76,0.0102996,0.104169,0.260043
bow,tube,+10,tonal_focus,10,0.83,1.29,7.89,15.01,16.49,0.00841012,0.079644,0.16648
chaos,bar,+10,tonal_focus,10,1.22,1.71,7.34,14.95,15.11,0.0118598,0.0716718,0.147475
chaos,chaotic,+10,tonal_focus,10,1.66,3.28,8.52,15.63,20.04,0.0162412,0.0831825,0.19555
chaos,membrane,+10,tonal_focus,10,0.15,0.41,5.67,11.29,14.80,0.00143464,0.0553164,0.144416
chaos,plate_circ,+10,tonal_focus,10,1.41,1.47,6.56,9.78,33.20,0.0137348,0.0640055,0.324032
chaos,plate_rect,+10,tonal_focus,10,0.51,2.06,9.42,25.78,32.71,0.00496265,0.0919422,0.319178
chaos,soundboard,+10,tonal_focus,10,3.17,5.87,13.19,20.23,26.81,0.030966,0.12867,0.26159
chaos,tube,+10,tonal_focus,10,0.56,1.24,9.50,15.69,24.62,0.0054414,0.092731,0.240297
mechanical,bar,+10,tonal_focus,10,0.98,1.55,11.38,28.29,31.83,0.0105613,0.122871,0.343808
mechanical,chaotic,+10,tonal_focus,10,2.80,3.04,7.28,11.59,17.25,0.0302802,0.0786302,0.186298
mechanical,membrane,+10,tonal_focus,10,1.43,2.56,6.94,11.26,13.85,0.0154195,0.074981,0.149638
mechanical,plate_circ,+10,tonal_focus,10,0.67,1.34,9.79,16.67,43.14,0.00719177,0.105741,0.46597
mechanical,plate_rect,+10,tonal_focus,10,0.50,0.80,9.44,21.73,31.11,0.00537932,0.10201,0.336025
mechanical,soundboard,+10,tonal_focus,10,0.02,0.19,9.21,20.53,27.36,0.000166976,0.099432,0.295512
mechanical,tube,+10,tonal_focus,10,0.06,0.08,5.25,10.59,17.42,0.000680518,0.0566854,0.188138
noise,bar,+10,tonal_focus,10,0.89,5.14,13.77,21.06,53.16,0.00972346,0.150394,0.580509
noise,chaotic,+10,tonal_focus,10,0.35,0.73,9.99,23.61,27.84,0.00384284,0.109069,0.304029
noise,membrane,+10,tonal_focus,10,0.66,0.81,7.41,14.38,22.40,0.00722342,0.0809449,0.244563
noise,plate_circ,+10,tonal_focus,10,0.51,0.56,8.23,23.54,47.37,0.00555458,0.0898997,0.517342
noise,plate_rect,+10,tonal_focus,10,0.81,1.28,9.22,22.34,25.45,0.00886745,0.100644,0.277903
noise,soundboard,+10,tonal_focus,10,0.39,2.90,21.09,55.04,61.45,0.00431195,0.23026,0.671007
noise,tube,+10,tonal_focus,10,0.28,0.33,5.88,11.44,24.02,0.00302992,0.0642028,0.262251
pluck,bar,+10,tonal_focus,10,0.13,0.26,6.62,15.11,16.49,0.00148721,0.0770139,0.191807
pluck,chaotic,+10,tonal_focus,10,0.27,1.03,10.09,18.72,42.88,0.00309836,0.117353,0.498897
pluck,membrane,+10,tonal_focus,10,0.36,0.40,3.40,5.72,6.18,0.00414676,0.0395587,0.0719184
pluck,plate_circ,+10,tonal_focus,10,1.36,2.13,8.18,16.12,19.26,0.0158145,0.0951534,0.224079
pluck,plate_rect,+10,tonal_focus,10,0.42,0.91,6.95,14.11,18.12,0.00491183,0.0808388,0.210759
pluck,soundboard,+10,tonal_focus,10,3.03,3.04,7.04,12.81,15.82,0.0352617,0.081899,0.184062
pluck,tube,+10,tonal_focus,10,0.00,0.30,6.79,10.94,23.27,1.82858e-05,0.0790338,0.270685
shaker,bar,+10,tonal_focus,10,4.27,5.49,12.17,24.05,27.81,0.0456444,0.130017,0.297149
shaker,chaotic,+10,tonal_focus,10,8.53,8.96,21.50,43.64,48.38,0.0911291,0.229751,0.516924
shaker,membrane,+10,tonal_focus,10,0.85,2.04,10.02,21.68,29.00,0.00910527,0.107105,0.309859
shaker,plate_circ,+10,tonal_focus,10,0.28,1.17,9.08,20.49,25.81,0.00294192,0.0969893,0.275705
shaker,plate_rect,+10,tonal_focus,10,1.46,3.34,11.76,22.51,26.18,0.0155523,0.125611,0.279729
shaker,soundboard,+10,tonal_focus,10,1.12,1.44,9.39,18.80,25.70,0.0119984,0.100313,0.274549
shaker,tube,+10,tonal_focus,10,4.22,4.23,15.51,34.13,37.16,0.0451338,0.165687,0.39706
strike,bar,+10,tonal_focus,10,1.21,5.53,12.93,24.83,26.55,0.0118021,0.126161,0.258983
strike,chaotic,+10,tonal_focus,10,0.91,1.46,7.56,14.78,15.73,0.00887613,0.0737529,0.153451
strike,membrane,+10,tonal_focus,10,0.11,0.61,10.30,23.19,36.91,0.0010812,0.100491,0.360017
strike,plate_circ,+10,tonal_focus,10,1.73,1.93,10.70,23.26,34.80,0.0169175,0.104365,0.339454
strike,plate_rect,+10,tonal_focus,10,0.43,2.67,9.57,21.54,26.45,0.00422339,0.0933803,0.258033
strike,soundboard,+10,tonal_focus,10,0.25,0.52,14.46,43.18,61.01,0.00246713,0.141013,0.595115
strike,tube,+10,tonal_focus,10,0.42,0.86,4.35,8.82,16.73,0.00406595,0.0424454,0.163197
vocal,bar,+10,tonal_focus,10,0.67,5.07,12.45,28.28,30.98,0.00632199,0.118255,0.294236
vocal,chaotic,+10,tonal_focus,10,0.77,1.67,8.98,16.26,26.17,0.00727769,0.0853138,0.248592
vocal,membrane,+10,tonal_focus,10,1.14,2.58,10.02,17.10,21.93,0.0108282,0.0951986,0.20829
vocal,plate_circ,+10,tonal_focus,10,0.53,0.74,6.89,18.98,20.43,0.00502116,0.0654597,0.194026
vocal,plate_rect,+10,tonal_focus,10,0.64,0.81,5.74,12.42,25.01,0.00610953,0.0545541,0.237527
vocal,soundboard,+10,tonal_focus,10,1.22,3.05,10.67,22.19,26.31,0.0115486,0.10136,0.249956
vocal,tube,+10,tonal_focus,10,0.41,1.11,6.51,11.49,12.00,0.00390496,0.0618733,0.113994
bird,bar,+10,inharmonicity,10,2.29,6.00,12.26,22.58,28.84,0.000581032,0.00781713,0.0242009
bird,chaotic,+10,inharmonicity,10,1.75,2.09,10.87,22.36,29.90,0.000670123,0.0112858,0.0334291
bird,membrane,+10,inharmonicity,9,4.17,5.30,15.42,26.27,29.89,0.00148702,0.0199418,0.0593399
bird,plate_circ,+10,inharmonicity,9,1.89,3.01,9.61,15.80,16.73,0.0017918,0.013341,0.0327619
bird,plate_rect,+10,inharmonicity,10,3.47,3.61,17.99,29.68,36.49,0.00084945,0.0141626,0.0455906
bird,soundboard,+10,inharmonicity,10,1.53,4.20,12.67,22.20,28.63,0.000804464,0.0131433,0.0352255
bird,tube,+10,inharmonicity,10,0.65,0.91,9.36,23.75,34.66,0.000132459,0.0127834,0.0743606
blow,bar,+10,inharmonicity,10,0.56,2.91,8.97,17.08,20.77,0.000471266,0.012802,0.0392569
blow,chaotic,+10,inharmonicity,8,0.85,1.09,7.41,15.37,15.89,0.00132432,0.00714717,0.0280817
blow,membrane,+10,inharmonicity,9,1.86,2.43,10.08,18.67,24.95,0.000385521,0.0174785,0.0670066
blow,plate_circ,+10,inharmonicity,9,0.41,0.68,6.25,20.53,22.93,0.000448803,0.00634656,0.0281488
blow,plate_rect,+10,inharmonicity,9,0.29,0.91,6.62,14.66,14.98,0.000629614,0.0153567,0.0600467
blow,soundboard,+10,inharmonicity,10,0.88,1.69,10.94,17.97,32.88,0.000517726,0.023581,0.0943373
blow,tube,+10,inharmonicity,9,0.88,3.31,18.51,30.78,51.03,0.000431127,0.0269022,0.0761847
bow,bar,+10,inharmonicity,9,0.39,2.13,9.84,16.76,22.10,0.000238695,0.0144103,0.0723686
bow,chaotic,+10,inharmonicity,8,0.00,0.06,4.86,10.34,11.59,1.36419e-07,0.00925862,0.0308751
bow,membrane,+10,inharmonicity,8,1.67,4.26,9.88,16.23,21.24,0.000443752,0.0110329,0.0554098
bow,plate_circ,+10,inharmonicity,10,0.18,0.91,4.83,10.52,11.57,0.00021739,0.00674625,0.0172614
bow,plate_rect,+10,inharmonicity,9,1.26,1.73,10.97,21.69,32.64,0.000453299,0.00931622,0.0223914
bow,soundboard,+10,inharmonicity,9,1.03,4.95,14.51,22.38,30.22,0.000415903,0.0107666,0.0237426
bow,tube,+10,inharmonicity,9,0.50,0.98,9.94,22.06,38.48,0.00031497,0.00964799,0.0434934
chaos,bar,+10,inharmonicity,10,0.69,0.71,10.64,23.93,44.11,0.000687818,0.0173541,0.116408
chaos,chaotic,+10,inharmonicity,10,0.32,1.93,10.39,19.10,33.30,0.000557574,0.012629,0.0465773
chaos,membrane,+10,inharmonicity,9,1.55,3.02,9.73,17.51,17.61,0.00159866,0.0175073,0.0467373
chaos,plate_circ,+10,inharmonicity,10,1.08,1.48,8.90,19.94,22.11,0.000739728,0.0124213,0.0521325
chaos,plate_rect,+10,inharmonicity,10,1.37,1.45,8.13,14.19,28.56,0.00049314,0.0103822,0.0498974
chaos,soundboard,+10,inharmonicity,10,3.27,4.11,6.47,8.48,10.53,0.00126164,0.0054415,0.0180019
chaos,tube,+10,inharmonicity,10,0.87,0.89,7.99,13.91,19.83,0.000689679,0.0104261,0.0269659
mechanical,bar,+10,inharmonicity,7,0.17,1.91,14.19,28.94,44.65,0.000280829,0.0238041,0.0934981
mechanical,chaotic,+10,inharmonicity,9,0.36,0.88,5.63,11.65,11.86,0.000236147,0.0115825,0.0374835
mechanical,membrane,+10,inharmonicity,6,0.62,2.43,22.06,43.16,58.49,0.000620732,0.020148,0.0610746
mechanical,plate_circ,+10,inharmonicity,7,0.02,2.14,7.80,14.43,16.53,7.40871e-06,0.0119973,0.0275816
mechanical,plate_rect,+10,inharmonicity,6,2.23,5.59,13.60,23.72,27.31,0.000376109,0.0163321,0.046785
mechanical,soundboard,+10,inharmonicity,10,0.29,1.54,6.68,13.38,17.26,0.000603376,0.00332324,0.00618334
mechanical,tube,+10,inharmonicity,7,4.67,5.18,12.11,22.86,43.49,0.00372155,0.021304,0.0938891
noise,bar,+10,inharmonicity,7,6.04,6.27,11.50,16.88,18.35,0.00406238,0.0179314,0.0355264
noise,chaotic,+10,inharmonicity,5,0.32,4.43,10.73,16.67,19.25,6.60635e-05,0.0111867,0.0263312
noise,membrane,+10,inharmonicity,4,0.11,0.75,2.40,3.99,4.51,6.52041e-05,0.00414861,0.0098631
noise,plate_circ,+10,inharmonicity,8,1.76,2.71,11.74,23.85,24.65,0.000482241,0.0127011,0.0337324
noise,plate_rect,+10,inharmonicity,8,0.88,1.03,7.99,16.19,18.48,0.00185162,0.0184787,0.0439747
noise,soundboard,+10,inharmonicity,6,4.56,4.92,12.97,25.06,29.97,0.00443547,0.00951587,0.0171041
noise,tube,+10,inharmonicity,7,1.02,3.35,14.22,22.65,25.58,0.00274809,0.021389,0.0518574
pluck,bar,+10,inharmonicity,10,0.31,1.66,6.62,13.41,14.12,0.000187133,0.00443813,0.0177774
pluck,chaotic,+10,inharmonicity,10,0.37,1.47,8.26,20.54,21.24,0.000127883,0.00672679,0.0219605
pluck,membrane,+10,inharmonicity,9,1.12,1.28,4.51,7.99,16.12,0.000472796,0.00567291,0.0266133
pluck,plate_circ,+10,inharmonicity,10,0.61,2.13,9.22,15.37,48.21,0.000829769,0.0146986,0.0898115
pluck,plate_rect,+10,inharmonicity,10,2.26,2.50,8.76,15.99,16.67,0.000386285,0.00767872,0.0202097
pluck,soundboard,+10,inharmonicity,9,2.20,2.95,12.06,21.91,50.31,0.000699294,0.0288678,0.151639
pluck,tube,+10,inharmonicity,9,0.34,2.83,9.53,18.31,27.95,0.000506218,0.0168584,0.065468
shaker,bar,+10,inharmonicity,10,2.51,3.32,11.84,20.03,36.45,0.00133254,0.018845,0.0655094
shaker,chaotic,+10,inharmonicity,10,0.52,2.23,13.23,23.83,40.93,0.00097664,0.0195624,0.0679513
shaker,membrane,+10,inharmonicity,9,1.68,3.31,8.51,13.39,15.97,0.000701697,0.0119926,0.0332153
shaker,plate_circ,+10,inharmonicity,8,7.46,8.60,15.73,29.37,30.39,0.00489971,0.0178866,0.0325386
shaker,plate_rect,+10,inharmonicity,9,1.29,3.23,10.46,17.27,25.49,0.000542974,0.0087381,0.0257621
shaker,soundboard,+10,inharmonicity,9,0.85,0.93,15.47,31.44,73.90,0.00123608,0.0575812,0.424576
shaker,tube,+10,inharmonicity,8,0.95,2.64,16.48,25.22,27.55,0.000587766,0.0144178,0.0535998
strike,bar,+10,inharmonicity,8,0.14,3.54,10.75,17.37,17.44,0.000105917,0.0155388,0.0357388
strike,chaotic,+10,inharmonicity,8,1.90,5.71,17.55,32.44,38.19,0.00121538,0.0239882,0.0582621
strike,membrane,+10,inharmonicity,9,1.09,5.11,14.80,28.76,32.36,0.00238435,0.0256639,0.0847724
strike,plate_circ,+10,inharmonicity,7,1.09,4.52,10.15,18.31,27.75,0.000796027,0.0213705,0.0432505
strike,plate_rect,+10,inharmonicity,8,1.86,2.23,10.65,15.98,16.38,0.000941853,0.0116445,0.0352155
strike,soundboard,+10,inharmonicity,8,0.83,0.94,6.64,13.27,15.45,0.000152919,0.00877694,0.018634
strike,tube,+10,inharmonicity,8,0.12,0.29,5.78,16.12,21.50,4.90605e-05,0.0240057,0.133301
vocal,bar,+10,inharmonicity,8,1.48,2.17,9.55,20.34,21.80,0.00129296,0.0151356,0.0439072
vocal,chaotic,+10,inharmonicity,8,0.25,0.39,10.43,25.08,26.13,0.000210131,0.00816976,0.0261172
vocal,membrane,+10,inharmonicity,7,2.98,4.57,11.24,23.81,25.40,0.00205795,0.0190343,0.062116
vocal,plate_circ,+10,inharmonicity,8,0.11,1.48,12.65,26.94,50.19,0.000296295,0.017778,0.0615583
vocal,plate_rect,+10,inharmonicity,9,9.54,9.61,13.86,17.94,22.01,0.00253014,0.027005,0.0887572
vocal,soundboard,+10,inharmonicity,6,2.77,3.68,10.57,21.95,30.19,0.00655648,0.0140246,0.0283455
vocal,tube,+10,inharmonicity,8,0.01,0.89,6.78,19.07,20.27,9.8944e-06,0.010157,0.0397924
bird,bar,+10,formant_f1,10,0.98,2.08,9.03,20.65,21.17,17.6756,129.362,374.539
bird,chaotic,+10,formant_f1,10,0.03,0.07,10.07,27.58,43.20,0.254262,135.108,708.396
bird,membrane,+10,formant_f1,10,0.28,1.34,4.06,7.25,8.97,4.61549,49.2715,106.764
bird,plate_circ,+10,formant_f1,10,0.16,1.77,12.82,23.80,25.34,1.46304,167.668,604.109
bird,plate_rect,+10,formant_f1,10,0.15,0.61,13.06,27.41,47.51,3.20533,109.786,490.209
bird,soundboard,+10,formant_f1,10,2.16,2.94,7.35,14.13,23.11,21.0225,114.683,348.15
bird,tube,+10,formant_f1,10,0.21,0.50,8.74,22.54,22.98,2.09152,144.808,536.581
blow,bar,+10,formant_f1,10,0.03,0.28,7.01,15.85,28.75,0.547701,46.8484,167.078
blow,chaotic,+10,formant_f1,10,0.01,0.06,2.46,5.79,6.64,0.201721,29.0177,82.426
blow,membrane,+10,formant_f1,10,0.12,0.32,5.45,12.37,19.76,0.601203,49.7316,186.491
blow,plate_circ,+10,formant_f1,10,0.32,0.47,7.48,17.92,20.98,1.72675,72.3807,399.423
blow,plate_rect,+10,formant_f1,10,0.08,0.44,6.29,13.29,18.98,0.415106,79.2342,250.516
blow,soundboard,+10,formant_f1,10,0.14,0.32,4.85,12.46,18.16,1.12281,52.4805,193.393
blow,tube,+10,formant_f1,10,0.04,2.33,12.03,30.58,33.78,0.17983,155.479,461.747
bow,bar,+10,formant_f1,10,0.01,0.01,9.00,18.31,54.18,0.0582707,46.2834,244.396
bow,chaotic,+10,formant_f1,10,1.95,5.55,13.11,25.01,41.20,44.3553,158.271,343.203
bow,membrane,+10,formant_f1,10,0.02,0.22,10.38,24.08,35.28,0.364253,103.482,474.586
bow,plate_circ,+10,formant_f1,10,1.29,1.55,12.38,24.15,25.92,4.34002,138.209,301.584
bow,plate_rect,+10,formant_f1,10,0.03,1.13,6.53,10.86,30.04,0.33408,76.8844,346.629
bow,soundboard,+10,formant_f1,10,0.10,0.46,6.99,14.00,17.21,1.67353,106.38,334.028
bow,tube,+10,formant_f1,10,0.03,0.14,5.86,12.12,14.74,0.371778,60.4271,236.947
chaos,bar,+10,formant_f1,10,0.28,0.46,6.35,12.10,16.29,1.34276,82.8476,248.314
chaos,chaotic,+10,formant_f1,10,0.69,0.99,4.76,9.60,10.41,6.71859,48.8232,114.355
chaos,membrane,+10,formant_f1,10,1.06,1.22,6.32,9.31,17.24,13.264,89.5452,370.912
chaos,plate_circ,+10,formant_f1,10,0.23,0.57,5.58,11.91,21.05,2.52767,36.2794,73.3973
chaos,plate_rect,+10,formant_f1,10,0.38,0.66,5.52,10.43,20.50,6.86483,68.5799,258.611
chaos,soundboard,+10,formant_f1,10,0.35,1.69,5.34,7.38,18.72,5.15968,59.6628,203.447
chaos,tube,+10,formant_f1,10,0.57,0.66,5.30,12.59,13.21,3.75825,62.3748,173.417
mechanical,bar,+10,formant_f1,10,0.85,3.17,7.49,17.41,23.83,4.74098,96.3431,314.838
mechanical,chaotic,+10,formant_f1,10,0.07,0.14,6.56,16.51,25.47,0.901933,99.6038,376.396
mechanical,membrane,+10,formant_f1,10,0.24,0.95,6.67,18.83,21.01,1.32702,82.7552,369.692
mechanical,plate_circ,+10,formant_f1,10,0.01,0.80,8.57,19.77,21.24,0.217862,94.0553,265.746
mechanical,plate_rect,+10,formant_f1,10,0.10,0.13,7.38,14.92,15.15,1.19552,92.2597,245.707
mechanical,soundboard,+10,formant_f1,10,0.09,0.20,6.88,19.63,21.59,1.5704,136.924,550.949
mechanical,tube,+10,formant_f1,10,0.85,1.27,5.79,11.74,16.56,5.65818,66.2171,265.74
noise,bar,+10,formant_f1,10,0.79,1.88,12.15,23.10,39.02,14.4691,114.513,576.505
noise,chaotic,+10,formant_f1,10,2.13,2.59,10.55,19.40,24.97,12.3669,121.215,436.703
noise,membrane,+10,formant_f1,10,0.82,1.69,10.66,22.95,41.53,5.39162,106.917,526.087
noise,plate_circ,+10,formant_f1,10,1.68,3.40,9.71,15.03,34.07,19.2163,115.193,415.948
noise,plate_rect,+10,formant_f1,10,0.49,1.51,8.40,13.94,28.27,9.86243,73.6342,297.75
noise,soundboard,+10,formant_f1,10,2.26,4.65,17.70,32.04,40.87,22.1437,150.399,605.293
noise,tube,+10,formant_f1,10,0.06,0.24,7.82,13.19,29.39,1.16777,114.275,436.094
pluck,bar,+10,formant_f1,10,1.15,1.39,10.29,20.69,25.82,9.22188,141.499,459.155
pluck,chaotic,+10,formant_f1,10,0.02,0.34,5.45,10.43,16.25,0.238189,67.4308,211.469
pluck,membrane,+10,formant_f1,10,0.02,0.13,6.46,15.27,24.92,0.220671,123.958,672.425
pluck,plate_circ,+10,formant_f1,10,0.13,0.15,3.93,10.90,15.33,1.96806,42.3853,158.768
pluck,plate_rect,+10,formant_f1,10,0.04,0.12,9.16,27.36,29.22,0.328521,79.4215,372.766
pluck,soundboard,+10,formant_f1,10,0.04,0.08,10.39,28.45,28.91,0.78504,102.362,555.927
pluck,tube,+10,formant_f1,10,0.06,0.08,9.04,28.14,29.91,1.11605,85.5935,301.613
shaker,bar,+10,formant_f1,10,0.20,2.75,9.25,17.55,20.39,1.42234,156.962,789.344
shaker,chaotic,+10,formant_f1,10,1.93,2.05,6.74,9.35,29.17,12.925,67.236,299.18
shaker,membrane,+10,formant_f1,10,3.09,3.16,10.84,22.18,33.91,26.5407,82.1024,281.168
shaker,plate_circ,+10,formant_f1,10,0.42,1.39,16.00,28.64,49.15,5.6049,170.917,559.871
shaker,plate_rect,+10,formant_f1,10,0.92,2.95,7.51,16.20,18.48,17.2411,93.3369,215.421
shaker,soundboard,+10,formant_f1,10,0.76,1.55,8.74,12.10,14.48,18.4953,96.8889,234.793
shaker,tube,+10,formant_f1,10,0.37,2.30,8.80,19.27,20.33,2.09026,113.338,346.463
strike,bar,+10,formant_f1,10,0.17,0.25,9.42,16.59,39.87,2.00494,79.6552,210.728
strike,chaotic,+10,formant_f1,10,0.06,0.29,5.06,11.86,13.19,2.61728,79.9974,355.683
strike,membrane,+10,formant_f1,10,1.02,1.05,7.09,18.74,21.64,2.51217,100.748,435.459
strike,plate_circ,+10,formant_f1,10,0.21,1.01,12.60,25.00,56.75,1.35913,87.4496,261.202
strike,plate_rect,+10,formant_f1,10,0.04,0.34,11.28,25.96,57.16,1.16564,107.389,639.109
strike,soundboard,+10,formant_f1,10,0.02,0.09,7.76,25.59,33.55,0.17485,135.328,514.553
strike,tube,+10,formant_f1,10,0.04,0.21,9.01,26.59,36.63,0.527,88.2881,383.089
vocal,bar,+10,formant_f1,10,0.01,2.17,10.04,21.05,29.04,0.0954943,80.0519,294.79
vocal,chaotic,+10,formant_f1,10,0.12,0.32,8.27,18.69,33.51,0.653341,105.886,535.143
vocal,membrane,+10,formant_f1,10,0.42,0.42,7.06,16.61,19.81,4.13559,48.4819,152.524
vocal,plate_circ,+10,formant_f1,10,1.34,1.73,13.97,33.31,43.08,14.7766,109.773,365.973
vocal,plate_rect,+10,formant_f1,10,0.01,0.29,6.74,21.48,27.47,0.0903134,71.8806,411.76
vocal,soundboard,+10,formant_f1,10,2.57,7.35,15.08,24.96,32.64,22.4589,168.599,406.037
vocal,tube,+10,formant_f1,10,0.05,0.72,12.95,24.24,55.19,0.766916,177.95,960.666
bird,bar,+10,formant_f2,10,0.08,0.35,5.98,14.54,24.77,1.37834,115.925,521.301
bird,chaotic,+10,formant_f2,10,0.02,0.99,9.93,22.85,50.75,0.709343,167.474,930.214
bird,membrane,+10,formant_f2,10,1.64,6.57,14.90,32.52,38.62,24.6416,238.4,605.422
bird,plate_circ,+10,formant_f2,10,0.33,0.60,8.92,19.68,28.14,7.69381,189.548,696.505
bird,plate_rect,+10,formant_f2,10,0.12,0.83,9.41,20.81,38.18,2.31039,187.214,1054.9
bird,soundboard,+10,formant_f2,10,0.04,0.89,9.58,18.08,37.53,1.23905,178.546,441.175
bird,tube,+10,formant_f2,10,0.60,1.02,6.86,13.80,16.61,16.6592,159.069,400.105
blow,bar,+10,formant_f2,10,0.90,1.46,10.30,31.11,31.60,7.18352,197.664,669.357
blow,chaotic,+10,formant_f2,10,0.13,0.14,9.11,19.28,36.90,1.2538,195.524,852.85
blow,membrane,+10,formant_f2,10,0.31,0.54,7.65,21.23,32.97,5.49723,153.974,590.375
blow,plate_circ,+10,formant_f2,10,0.02,0.24,8.22,17.12,21.49,0.387808,134.082,446.294
blow,plate_rect,+10,formant_f2,10,0.64,1.64,9.56,24.31,42.74,21.7637,144.543,513.627
blow,soundboard,+10,formant_f2,10,0.27,1.98,8.84,20.39,26.51,5.32647,191.488,567.482
blow,tube,+10,formant_f2,10,1.80,2.68,6.89,9.92,21.84,21.8486,151.292,531.651
bow,bar,+10,formant_f2,10,0.68,0.93,10.00,19.66,41.09,2.79065,196.699,931.578
bow,chaotic,+10,formant_f2,10,0.05,0.26,7.58,17.15,25.20,0.59044,144.57,361.925
bow,membrane,+10,formant_f2,10,0.10,0.25,6.79,14.95,20.71,1.93563,109.484,401.246
bow,plate_circ,+10,formant_f2,10,0.48,1.04,12.09,22.58,46.96,9.13178,154.455,448.979
bow,plate_rect,+10,formant_f2,10,0.83,1.02,8.34,21.18,27.83,9.96633,170.682,637.188
bow,soundboard,+10,formant_f2,10,0.24,2.50,10.75,19.22,19.41,6.01644,208.847,500.13
bow,tube,+10,formant_f2,10,1.04,1.48,8.11,19.11,19.19,22.8599,150.251,409.298
chaos,bar,+10,formant_f2,10,0.22,0.24,7.26,17.43,22.70,4.57843,139.918,447.406
chaos,chaotic,+10,formant_f2,10,0.51,0.76,5.61,13.14,14.17,7.35752,109.673,313.417
chaos,membrane,+10,formant_f2,10,0.52,1.25,8.80,26.30,29.17,13.9567,152.557,524
chaos,plate_circ,+10,formant_f2,10,0.06,1.19,6.85,16.55,21.43,1.19725,137.237,556.789
chaos,plate_rect,+10,formant_f2,10,0.04,0.54,4.89,8.90,25.65,0.661421,76.7933,195.144
chaos,soundboard,+10,formant_f2,10,1.98,2.42,9.15,15.64,15.82,49.2858,182.786,345.36
chaos,tube,+10,formant_f2,10,0.07,0.47,4.00,7.38,15.54,1.82853,91.8653,371.866
mechanical,bar,+10,formant_f2,10,0.02,0.90,5.73,10.23,14.90,0.675529,97.9638,320.458
mechanical,chaotic,+10,formant_f2,10,0.09,0.10,6.84,19.36,23.36,0.842181,91.533,307.921
mechanical,membrane,+10,formant_f2,10,2.13,2.57,11.47,24.23,26.18,29.1289,180.655,591.13
mechanical,plate_circ,+10,formant_f2,10,0.78,0.83,12.10,22.75,23.18,18.1777,241.948,533.422
mechanical,plate_rect,+10,formant_f2,10,0.09,0.39,11.92,26.41,32.54,2.92491,174.292,378.735
mechanical,soundboard,+10,formant_f2,10,0.13,0.21,3.75,11.69,12.44,3.02093,83.2563,303.034
mechanical,tube,+10,formant_f2,10,0.02,1.30,6.88,11.88,22.93,0.393806,114.924,198.327
noise,bar,+10,formant_f2,10,1.99,2.59,9.15,16.22,29.93,21.4944,143.018,438.357
noise,chaotic,+10,formant_f2,10,0.41,1.72,6.38,15.25,15.85,9.83828,149.829,415.717
noise,membrane,+10,formant_f2,10,3.48,4.33,10.77,21.77,29.69,39.4397,221.394,650.051
noise,plate_circ,+10,formant_f2,10,2.92,6.42,13.60,23.65,28.69,39.7769,308.753,693.845
noise,plate_rect,+10,formant_f2,10,0.35,0.71,9.46,19.72,24.83,5.61568,141.996,449.674
noise,soundboard,+10,formant_f2,10,1.49,1.49,12.28,22.47,31.77,12.7767,217.46,622.959
noise,tube,+10,formant_f2,10,0.97,1.32,12.75,22.89,52.64,6.09826,268.418,1091.76
pluck,bar,+10,formant_f2,10,0.29,0.44,5.59,15.60,18.30,1.79442,105.764,376.056
pluck,chaotic,+10,formant_f2,10,0.29,0.31,10.64,26.95,44.44,5.26958,186.614,871.42
pluck,membrane,+10,formant_f2,10,0.36,0.98,9.03,23.25,26.93,3.10949,165.768,697.617
pluck,plate_circ,+10,formant_f2,10,0.61,0.69,4.64,9.37,14.36,6.9057,55.311,136.856
pluck,plate_rect,+10,formant_f2,10,0.03,0.07,4.85,11.79,19.67,0.417302,71.0923,215.636
pluck,soundboard,+10,formant_f2,10,0.44,0.66,11.12,27.09,32.79,6.32403,190.162,631.167
pluck,tube,+10,formant_f2,10,0.00,0.72,6.14,11.18,29.36,0.0263,132.865,776.708
shaker,bar,+10,formant_f2,10,0.80,1.84,11.94,23.90,27.83,5.27281,226.95,514.541
shaker,chaotic,+10,formant_f2,10,0.99,2.77,10.18,20.68,23.87,13.4547,174.783,373.595
shaker,membrane,+10,formant_f2,10,2.43,3.43,9.81,13.29,39.83,19.0152,201.958,1191.32
shaker,plate_circ,+10,formant_f2,10,0.03,0.97,11.99,23.06,39.03,0.324864,272.213,1449.52
shaker,plate_rect,+10,formant_f2,10,0.80,0.83,4.56,11.33,17.15,3.30583,120.623,558.042
shaker,soundboard,+10,formant_f2,10,3.16,3.27,17.82,38.10,56.33,60.1824,332.924,1169.49
shaker,tube,+10,formant_f2,10,0.49,1.69,14.38,22.04,26.63,13.8973,312.449,675.739
strike,bar,+10,formant_f2,10,0.21,0.25,8.99,27.44,29.00,2.45169,132.005,528.926
strike,chaotic,+10,formant_f2,10,0.01,0.50,4.24,10.28,14.34,0.393477,74.9529,345.875
strike,membrane,+10,formant_f2,10,0.26,1.20,10.91,24.48,26.78,8.649,176.716,458.235
strike,plate_circ,+10,formant_f2,10,0.02,0.17,10.07,20.67,43.35,0.540082,149.389,727.078
strike,plate_rect,+10,formant_f2,10,0.00,0.05,5.83,13.53,19.56,0.063553,85.3878,337.518
strike,soundboard,+10,formant_f2,10,0.08,0.12,6.35,15.04,21.73,1.11539,140.334,671.884
strike,tube,+10,formant_f2,10,0.43,0.79,5.61,14.91,17.66,5.37623,92.7561,248.697
vocal,bar,+10,formant_f2,10,0.04,0.86,7.50,15.61,30.14,0.361621,172.563,594.673
vocal,chaotic,+10,formant_f2,10,0.07,0.21,6.83,13.11,22.94,0.931464,117.362,391.374
vocal,membrane,+10,formant_f2,10,0.81,2.12,10.58,21.17,21.67,8.32245,182.588,518.37
vocal,plate_circ,+10,formant_f2,10,2.92,3.82,11.84,26.17,27.72,22.4839,226.813,373.718
vocal,plate_rect,+10,formant_f2,10,0.79,0.87,11.21,26.21,45.09,10.3765,179.573,606.048
vocal,soundboard,+10,formant_f2,10,1.91,4.40,10.70,15.81,24.26,48.6262,240.966,486.116
vocal,tube,+10,formant_f2,10,0.98,1.97,14.80,24.98,33.91,26.4887,429.831,1065.83
bird,bar,+10,formant_f3,10,0.36,1.64,11.53,23.37,33.39,5.08674,195.199,547.55
bird,chaotic,+10,formant_f3,10,0.02,1.19,4.43,8.85,19.82,0.337607,70.4518,298.673
bird,membrane,+10,formant_f3,10,0.36,0.91,12.01,25.18,30.18,8.72769,196.913,621.535
bird,plate_circ,+10,formant_f3,10,0.10,0.37,11.08,24.26,38.82,1.44557,202.851,618.915
bird,plate_rect,+10,formant_f3,10,0.03,0.31,6.39,21.57,25.12,0.448422,118.203,553.364
bird,soundboard,+10,formant_f3,10,0.22,1.20,12.52,19.68,87.05,4.87918,240.371,1701.6
bird,tube,+10,formant_f3,10,0.02,0.31,5.93,10.91,18.09,0.331906,108.915,341.675
blow,bar,+10,formant_f3,10,0.03,2.05,7.73,13.84,14.99,0.586591,117.993,269.712
blow,chaotic,+10,formant_f3,10,0.05,0.07,8.99,23.26,25.81,0.941846,156.58,459.435
blow,membrane,+10,formant_f3,10,0.16,0.29,6.54,15.58,32.80,2.08563,139.446,876.999
blow,plate_circ,+10,formant_f3,10,0.00,0.19,5.55,17.24,21.23,0.0556585,83.98,308.037
blow,plate_rect,+10,formant_f3,10,0.79,1.49,6.24,10.41,24.65,6.60088,99.287,365.601
blow,soundboard,+10,formant_f3,10,0.52,0.83,9.09,18.63,28.37,8.06072,143.283,595.187
blow,tube,+10,formant_f3,10,0.24,0.41,7.04,19.08,20.62,3.19588,116.215,441.229
bow,bar,+10,formant_f3,10,0.43,1.83,14.57,28.48,48.85,5.93238,262.759,938.816
bow,chaotic,+10,formant_f3,10,0.74,0.88,6.77,10.56,19.31,14.5867,114.924,288.02
bow,membrane,+10,formant_f3,10,0.61,2.67,11.13,23.91,36.94,8.61538,186.25,619.523
bow,plate_circ,+10,formant_f3,10,0.35,1.60,10.68,25.08,34.36,7.053,156.235,453.903
bow,plate_rect,+10,formant_f3,10,1.08,2.37,4.77,7.20,8.75,17.5827,75.6,141.386
bow,soundboard,+10,formant_f3,10,0.38,3.06,14.51,29.99,33.22,7.69834,239.267,462.581
bow,tube,+10,formant_f3,10,0.02,0.13,10.46,18.53,23.06,0.30201,173.939,400.643
chaos,bar,+10,formant_f3,10,0.20,0.31,8.79,17.76,25.39,3.33737,114.442,266.095
chaos,chaotic,+10,formant_f3,10,0.72,0.96,8.10,14.63,17.11,11.7092,103.7,253.55
chaos,membrane,+10,formant_f3,10,1.38,1.71,5.27,8.34,15.53,16.6563,86.218,251.096
chaos,plate_circ,+10,formant_f3,10,0.13,0.39,6.37,11.09,37.83,2.17297,77.4838,296.589
chaos,plate_rect,+10,formant_f3,10,1.10,1.24,6.53,13.34,18.69,14.2173,102.232,333.859
chaos,soundboard,+10,formant_f3,10,1.00,2.22,10.88,22.12,25.12,16.2783,184.69,395.956
chaos,tube,+10,formant_f3,10,0.57,1.08,4.42,8.17,9.62,6.83057,73.0112,169.373
mechanical,bar,+10,formant_f3,10,0.04,0.66,7.58,17.32,26.49,0.638014,130.596,433.664
mechanical,chaotic,+10,formant_f3,10,0.05,0.13,8.71,18.73,20.31,0.63997,128.211,294.307
mechanical,membrane,+10,formant_f3,10,0.22,1.34,8.49,12.11,48.86,4.37958,130.716,776.097
mechanical,plate_circ,+10,formant_f3,10,0.51,0.55,9.40,21.93,23.28,5.39975,164.421,528.322
mechanical,plate_rect,+10,formant_f3,10,0.29,2.28,12.16,23.21,29.18,6.68655,189.692,434.239
mechanical,soundboard,+10,formant_f3,10,0.04,0.64,7.31,16.96,21.39,0.702414,121.716,350.639
mechanical,tube,+10,formant_f3,10,0.64,2.57,9.18,18.27,29.90,8.56263,144.715,451.354
noise,bar,+10,formant_f3,10,0.14,0.93,10.97,25.15,27.01,2.03849,182.287,445.513
noise,chaotic,+10,formant_f3,10,0.49,1.59,6.96,17.00,19.73,5.89291,116.92,346.878
noise,membrane,+10,formant_f3,10,0.27,1.58,11.32,19.52,21.77,5.1772,187.075,372.951
noise,plate_circ,+10,formant_f3,10,0.87,1.23,13.05,25.54,27.17,12.8434,213.258,420.106
noise,plate_rect,+10,formant_f3,10,0.79,1.01,5.50,12.70,19.60,15.2089,112.282,392.146
noise,soundboard,+10,formant_f3,10,3.23,4.16,20.00,46.24,54.22,34.2353,352.876,1136.63
noise,tube,+10,formant_f3,10,0.11,0.70,7.23,15.27,18.57,1.6633,133.744,402.322
pluck,bar,+10,formant_f3,10,0.06,0.16,2.77,7.92,8.84,0.899855,48.9068,161.007
pluck,chaotic,+10,formant_f3,10,0.74,1.77,7.36,16.90,19.88,10.1563,116.394,304.098
pluck,membrane,+10,formant_f3,10,0.36,1.29,9.19,16.62,21.44,3.90488,157.365,384.191
pluck,plate_circ,+10,formant_f3,10,0.22,3.55,12.54,21.92,28.02,2.61054,154.141,306.77
pluck,plate_rect,+10,formant_f3,10,0.00,1.21,14.51,47.14,53.51,0.0406792,195.182,747.546
pluck,soundboard,+10,formant_f3,10,0.12,2.67,17.69,49.85,54.06,1.6408,289.882,1180.21
pluck,tube,+10,formant_f3,10,0.23,1.91,7.11,11.09,17.18,3.72096,120.051,364.821
shaker,bar,+10,formant_f3,10,0.63,3.48,8.96,13.64,23.39,7.0864,146.338,379.082
shaker,chaotic,+10,formant_f3,10,0.60,1.23,12.95,28.74,45.13,8.6572,215.486,720.745
shaker,membrane,+10,formant_f3,10,1.01,6.10,10.10,16.16,25.32,14.389,150.985,304.808
shaker,plate_circ,+10,formant_f3,10,0.05,1.07,11.98,30.96,43.05,0.665573,245.212,1117.98
shaker,plate_rect,+10,formant_f3,10,1.13,1.28,6.80,17.91,20.41,15.9465,111.645,365.048
shaker,soundboard,+10,formant_f3,10,1.62,1.99,12.14,28.55,38.47,24.7944,224.957,676.303
shaker,tube,+10,formant_f3,10,6.51,7.25,12.81,21.86,30.01,119.576,215.474,416.818
strike,bar,+10,formant_f3,10,0.05,0.60,7.19,17.18,25.30,0.77985,117.859,340.953
strike,chaotic,+10,formant_f3,10,0.00,0.03,4.75,9.93,17.38,0.0197321,83.992,251.426
strike,membrane,+10,formant_f3,10,0.55,0.55,16.56,29.83,49.55,4.44771,276.649,901.304
strike,plate_circ,+10,formant_f3,10,0.01,0.15,8.47,16.62,45.82,0.177256,136.944,787.236
strike,plate_rect,+10,formant_f3,10,0.06,0.11,6.06,22.76,32.40,0.929754,101.164,580.768
strike,soundboard,+10,formant_f3,10,0.03,0.10,12.62,25.82,28.48,0.466839,186.923,532.124
strike,tube,+10,formant_f3,10,0.08,0.30,5.49,12.44,18.02,1.76372,101.881,444.52
vocal,bar,+10,formant_f3,10,0.07,0.21,5.86,13.35,24.49,0.99263,97.8873,407.281
vocal,chaotic,+10,formant_f3,10,0.82,1.48,5.68,8.73,19.77,21.1564,89.7166,226.805
vocal,membrane,+10,formant_f3,10,1.11,1.14,12.74,31.08,36.27,19.9624,229.35,530.763
vocal,plate_circ,+10,formant_f3,10,0.45,1.29,8.24,18.89,35.52,6.14979,148.126,638.705
vocal,plate_rect,+10,formant_f3,10,1.02,1.56,8.65,15.98,23.35,18.1326,145.148,348.57
vocal,soundboard,+10,formant_f3,10,1.19,2.80,10.61,24.55,27.90,21.2334,166.305,366.131
vocal,tube,+10,formant_f3,10,0.13,0.33,13.19,25.42,66.37,1.99208,257.168,1177.34
bird,bar,+10,mod_rate,10,0.30,0.35,7.75,13.89,38.03,0.00559058,0.613043,2.86621
bird,chaotic,+10,mod_rate,10,0.14,1.73,5.53,9.99,10.68,0.00506311,0.289404,1.08948
bird,membrane,+10,mod_rate,10,0.09,0.10,4.08,10.29,13.51,0.00296417,0.426773,2.57735
bird,plate_circ,+10,mod_rate,10,0.32,8.60,15.15,26.99,30.43,0.0115894,1.35777,4.96097
bird,plate_rect,+10,mod_rate,10,0.30,0.32,5.69,15.44,15.61,0.0104597,0.857521,6.86817
bird,soundboard,+10,mod_rate,10,0.30,0.32,4.28,9.54,12.12,0.0103078,0.6034,5.0802
bird,tube,+10,mod_rate,10,0.00,1.41,6.30,12.91,17.24,2.46905e-05,1.51223,6.11327
blow,bar,+10,mod_rate,10,0.78,1.74,5.38,9.67,10.05,0.0516305,0.319199,1.51378
blow,chaotic,+10,mod_rate,10,0.39,0.63,7.05,13.71,18.11,0.0153749,0.451312,1.39142
blow,membrane,+10,mod_rate,10,0.00,1.02,15.77,30.09,72.46,2.37539e-05,1.6564,10.5382
blow,plate_circ,+10,mod_rate,10,0.36,1.31,8.60,15.91,24.16,0.0129998,1.15926,6.53717
blow,plate_rect,+10,mod_rate,10,0.89,1.21,6.75,14.94,15.94,0.0243158,0.47088,2.79415
blow,soundboard,+10,mod_rate,10,0.00,0.00,5.36,9.86,35.56,1.94777e-05,0.38528,1.70696
blow,tube,+10,mod_rate,10,0.00,0.02,6.86,17.10,27.78,6.31249e-06,1.15729,10.5431
bow,bar,+10,mod_rate,10,0.04,0.18,5.26,12.68,15.59,0.00179173,0.230236,0.914575
bow,chaotic,+10,mod_rate,10,1.15,1.63,5.08,10.68,13.85,0.0149059,0.208458,0.982552
bow,membrane,+10,mod_rate,10,0.34,1.93,9.49,19.09,22.92,0.011694,0.346671,1.20795
bow,plate_circ,+10,mod_rate,10,0.01,1.84,9.67,25.49,27.05,0.0062043,1.16855,5.26211
bow,plate_rect,+10,mod_rate,10,1.10,1.88,8.08,13.87,20.53,0.0418838,0.459732,1.34757
bow,soundboard,+10,mod_rate,10,0.68,1.05,5.93,13.38,21.08,0.024033,0.210587,0.991421
bow,tube,+10,mod_rate,10,0.00,0.33,3.96,8.50,12.19,3.8471e-05,0.223882,0.906207
chaos,bar,+10,mod_rate,10,0.00,0.29,5.19,12.88,15.52,5.56073e-05,0.225033,1.24518
chaos,chaotic,+10,mod_rate,10,0.00,0.33,5.59,15.38,22.11,1.30113e-05,0.31543,2.35062
chaos,membrane,+10,mod_rate,10,0.17,0.73,4.76,11.50,11.79,0.00442735,0.521892,2.35372
chaos,plate_circ,+10,mod_rate,10,0.36,0.62,5.89,10.23,20.94,0.0119479,0.153246,0.380815
chaos,plate_rect,+10,mod_rate,10,0.90,1.09,6.23,15.25,23.69,0.0292219,0.270685,0.882256
chaos,soundboard,+10,mod_rate,10,0.06,0.34,9.65,28.94,31.07,0.00143649,0.475808,1.27374
chaos,tube,+10,mod_rate,10,0.36,0.75,5.03,14.05,17.79,0.0119479,0.209236,0.780339
mechanical,bar,+10,mod_rate,10,0.00,0.31,8.99,20.86,25.00,5.57945e-05,0.285233,0.631001
mechanical,chaotic,+10,mod_rate,10,0.64,0.66,5.01,11.46,28.82,0.0207796,0.132166,0.617566
mechanical,membrane,+10,mod_rate,10,0.85,1.12,4.96,11.47,17.05,0.0131245,0.415241,2.29157
mechanical,plate_circ,+10,mod_rate,10,0.03,0.16,1.89,2.95,13.40,0.00101679,0.0406304,0.218024
mechanical,plate_rect,+10,mod_rate,10,0.55,0.71,9.82,18.83,20.60,0.0152612,0.667766,2.22005
mechanical,soundboard,+10,mod_rate,10,0.34,0.65,3.76,7.65,11.96,0.0116449,0.113336,0.278341
mechanical,tube,+10,mod_rate,10,0.39,0.95,7.64,12.55,49.52,0.0149883,0.837251,7.1928
noise,bar,+10,mod_rate,10,0.37,0.98,5.01,11.24,13.23,0.0121935,0.195078,0.849904
noise,chaotic,+10,mod_rate,10,0.54,1.53,5.64,11.02,17.12,0.0166395,0.46279,3.58518
noise,membrane,+10,mod_rate,10,0.33,0.68,5.08,10.43,12.84,0.00764221,0.437821,2.83841
noise,plate_circ,+10,mod_rate,10,0.25,1.27,12.46,21.51,55.45,0.0045166,1.19963,5.91265
noise,plate_rect,+10,mod_rate,10,0.68,0.68,8.99,17.62,37.64,0.017761,0.878356,6.48506
noise,soundboard,+10,mod_rate,10,1.73,3.33,11.61,24.59,25.27,0.054726,0.237641,0.519774
noise,tube,+10,mod_rate,10,3.34,4.30,21.05,27.60,115.18,0.144702,1.29037,4.01582
pluck,bar,+10,mod_rate,10,1.06,1.48,6.02,12.48,16.38,0.0203048,0.250378,1.83135
pluck,chaotic,+10,mod_rate,10,0.00,0.00,12.04,22.50,46.15,1.12263e-05,0.708978,5.13406
pluck,membrane,+10,mod_rate,10,0.00,0.00,4.92,11.59,19.68,6.37033e-06,0.10739,0.514059
pluck,plate_circ,+10,mod_rate,10,1.98,2.78,7.93,12.20,22.17,0.0375231,0.202434,0.704485
pluck,plate_rect,+10,mod_rate,10,2.07,2.93,6.77,11.05,13.36,0.033262,0.144419,0.304836
pluck,soundboard,+10,mod_rate,10,1.46,2.19,7.39,13.41,13.45,0.0327938,0.144056,0.368611
pluck,tube,+10,mod_rate,10,0.00,0.07,5.80,9.05,35.41,2.65007e-05,0.206221,0.959506
shaker,bar,+10,mod_rate,10,0.76,0.78,6.80,17.15,24.01,0.0226007,0.611784,3.50052
shaker,chaotic,+10,mod_rate,10,1.03,2.00,8.80,13.08,19.01,0.0274159,0.211069,0.337413
shaker,membrane,+10,mod_rate,10,0.00,0.06,8.16,19.48,24.13,2.32858e-05,0.229956,0.768586
shaker,plate_circ,+10,mod_rate,10,0.07,0.60,10.31,27.14,42.38,0.00161312,0.49494,2.92655
shaker,plate_rect,+10,mod_rate,10,3.46,3.51,9.56,16.97,20.65,0.0819218,0.606582,3.82367
shaker,soundboard,+10,mod_rate,10,1.14,1.20,5.99,12.15,14.15,0.0320629,0.134864,0.464414
shaker,tube,+10,mod_rate,10,0.41,0.99,7.56,19.21,20.88,0.0130003,0.577719,2.22918
strike,bar,+10,mod_rate,10,0.00,0.33,7.56,15.54,22.98,1.58297e-05,0.784203,4.35871
strike,chaotic,+10,mod_rate,10,1.55,1.71,9.17,15.11,49.46,0.0297425,0.338261,2.08261
strike,membrane,+10,mod_rate,10,0.79,3.02,7.26,13.29,14.55,0.0235666,0.236398,0.822071
strike,plate_circ,+10,mod_rate,10,0.59,3.22,12.59,23.31,49.64,0.0157742,1.13626,8.00659
strike,plate_rect,+10,mod_rate,10,0.12,0.38,4.64,11.32,13.96,0.00277418,0.142899,0.526831
strike,soundboard,+10,mod_rate,10,0.39,1.16,5.79,10.35,17.86,0.0114123,0.340654,1.83452
strike,tube,+10,mod_rate,10,0.34,0.37,2.84,4.90,6.13,0.010299,0.358468,2.38877
vocal,bar,+10,mod_rate,10,0.00,0.72,7.05,14.86,21.06,9.26917e-05,0.239224,0.608616
vocal,chaotic,+10,mod_rate,10,0.00,0.00,2.37,4.66,11.31,2.33204e-05,0.189694,1.4132
vocal,membrane,+10,mod_rate,10,0.00,0.30,4.54,8.61,18.67,2.60091e-05,0.823696,4.4677
vocal,plate_circ,+10,mod_rate,10,0.11,0.39,2.79,5.70,8.22,0.00335931,0.217153,1.64214
vocal,plate_rect,+10,mod_rate,10,0.33,0.41,6.03,10.97,13.19,0.011627,0.230984,0.880047
vocal,soundboard,+10,mod_rate,10,0.05,0.30,5.78,14.94,15.30,0.0014226,0.304275,1.66219
vocal,tube,+10,mod_rate,10,0.99,1.01,5.18,8.51,14.06,0.0350217,1.14131,4.4291
bird,bar,+10,mod_depth,10,1.42,1.53,6.28,11.64,12.26,0.00138502,0.0617362,0.201435
bird,chaotic,+10,mod_depth,10,0.55,1.53,14.30,30.11,35.56,0.0070571,0.127005,0.455606
bird,membrane,+10,mod_depth,10,0.85,1.66,13.12,23.44,48.88,0.0083851,0.116872,0.433328
bird,plate_circ,+10,mod_depth,10,0.58,2.14,13.81,29.59,44.65,0.00777025,0.0963008,0.429942
bird,plate_rect,+10,mod_depth,10,0.01,0.21,6.05,11.85,21.39,9.80876e-05,0.0513526,0.19812
bird,soundboard,+10,mod_depth,10,1.80,2.03,6.42,9.43,26.95,0.0213793,0.0522883,0.10355
bird,tube,+10,mod_depth,10,0.31,0.55,4.22,7.79,11.20,0.00293607,0.0581695,0.115742
blow,bar,+10,mod_depth,10,0.02,0.43,7.22,12.45,43.19,0.000191962,0.0306468,0.0994276
blow,chaotic,+10,mod_depth,10,0.13,0.89,7.52,20.64,25.03,0.00169974,0.0641526,0.257006
blow,membrane,+10,mod_depth,10,1.63,2.52,8.49,17.81,24.78,0.0102369,0.0620754,0.194483
blow,plate_circ,+10,mod_depth,10,0.57,3.40,8.15,11.55,25.25,0.00766637,0.0553367,0.0972728
blow,plate_rect,+10,mod_depth,10,0.33,1.34,7.32,13.07,18.99,0.00394525,0.0629397,0.157511
blow,soundboard,+10,mod_depth,10,0.30,0.44,9.54,26.16,27.60,0.00268382,0.0571334,0.338425
blow,tube,+10,mod_depth,10,0.08,0.08,7.68,13.30,45.90,1.98657e-07,0.0411832,0.134747
bow,bar,+10,mod_depth,10,0.29,0.80,5.80,13.93,15.16,0.000882923,0.0638089,0.173328
bow,chaotic,+10,mod_depth,10,0.18,1.07,7.97,18.85,28.47,0.00274629,0.0607461,0.252486
bow,membrane,+10,mod_depth,10,0.53,2.26,15.18,36.82,86.31,0.00314857,0.030049,0.113451
bow,plate_circ,+10,mod_depth,10,0.51,1.26,12.30,29.17,31.45,0.0063751,0.0906076,0.270842
bow,plate_rect,+10,mod_depth,10,1.03,1.30,4.57,8.28,12.06,0.00702019,0.0580616,0.176945
bow,soundboard,+10,mod_depth,10,0.16,0.94,5.96,11.90,16.16,0.00220798,0.066584,0.180437
bow,tube,+10,mod_depth,10,0.70,0.72,8.25,16.24,31.43,0.00398391,0.0654305,0.194052
chaos,bar,+10,mod_depth,10,0.52,1.13,7.27,17.79,22.43,0.00242547,0.0499142,0.128263
chaos,chaotic,+10,mod_depth,10,0.22,0.25,6.01,10.47,34.77,0.00227311,0.022117,0.0551754
chaos,membrane,+10,mod_depth,10,0.55,0.67,9.27,19.27,36.02,0.000752794,0.0526041,0.158164
chaos,plate_circ,+10,mod_depth,10,1.04,1.04,6.74,16.98,21.49,0.00827646,0.0621454,0.163413
chaos,plate_rect,+10,mod_depth,10,0.42,0.66,5.89,11.24,30.51,0.00514185,0.0691089,0.365109
chaos,soundboard,+10,mod_depth,10,0.20,0.39,4.79,10.00,22.53,0.00160721,0.0321384,0.125938
chaos,tube,+10,mod_depth,10,0.24,0.25,1.53,3.40,3.78,0.0006207,0.0189735,0.0545136
mechanical,bar,+10,mod_depth,10,0.23,0.57,7.34,25.02,27.80,0.00231126,0.0640472,0.20239
mechanical,chaotic,+10,mod_depth,10,0.29,0.57,7.94,28.04,29.66,0.00240386,0.0465415,0.244933
mechanical,membrane,+10,mod_depth,10,0.19,0.81,7.19,12.80,30.29,0.00214453,0.0683691,0.343216
mechanical,plate_circ,+10,mod_depth,10,0.09,0.36,6.09,17.29,17.50,0.000564926,0.0486864,0.245116
mechanical,plate_rect,+10,mod_depth,10,0.57,0.77,6.75,13.56,14.04,0.000859627,0.0428096,0.110889
mechanical,soundboard,+10,mod_depth,10,0.64,1.56,3.74,6.93,8.15,0.00858183,0.0346917,0.0668264
mechanical,tube,+10,mod_depth,10,0.14,0.14,3.88,7.95,19.14,0.000421513,0.0356235,0.103246
noise,bar,+10,mod_depth,10,0.34,0.41,5.77,13.74,15.97,0.00417461,0.0365124,0.149138
noise,chaotic,+10,mod_depth,10,0.38,1.11,5.48,11.36,13.38,0.00477509,0.0394842,0.115844
noise,membrane,+10,mod_depth,10,1.51,1.56,8.29,14.13,20.72,0.0120734,0.0584177,0.207399
noise,plate_circ,+10,mod_depth,10,1.56,4.76,10.32,19.72,20.14,0.0165729,0.0809911,0.203207
noise,plate_rect,+10,mod_depth,10,0.64,1.27,10.51,32.11,43.28,0.00633189,0.0387879,0.127807
noise,soundboard,+10,mod_depth,10,0.38,1.33,7.13,15.23,17.20,0.00466299,0.0652731,0.156273
noise,tube,+10,mod_depth,10,3.50,4.39,38.82,46.44,315.39,0.0172842,0.0800022,0.174965
pluck,bar,+10,mod_depth,10,0.17,0.20,5.92,11.47,31.68,0.00229869,0.042933,0.161987
pluck,chaotic,+10,mod_depth,10,1.68,2.44,12.03,27.61,29.53,0.0143463,0.0589977,0.187377
pluck,membrane,+10,mod_depth,10,0.11,0.16,5.75,18.84,19.37,0.0013802,0.0308065,0.0777625
pluck,plate_circ,+10,mod_depth,10,0.67,2.84,5.94,10.34,11.84,0.0024813,0.0489357,0.114187
pluck,plate_rect,+10,mod_depth,10,0.46,1.24,5.16,6.90,24.05,0.000228991,0.0351362,0.0798021
pluck,soundboard,+10,mod_depth,10,1.71,2.92,8.62,17.43,22.11,0.00134526,0.0795613,0.214385
pluck,tube,+10,mod_depth,10,0.38,0.70,4.29,8.73,11.73,0.00129857,0.0424489,0.119987
shaker,bar,+10,mod_depth,10,1.34,2.44,9.98,19.71,32.64,0.0129363,0.0442709,0.139007
shaker,chaotic,+10,mod_depth,10,0.04,0.42,8.75,18.26,19.47,0.00046561,0.0520892,0.141214
shaker,membrane,+10,mod_depth,10,0.95,1.75,6.60,15.17,15.65,0.011831,0.0478311,0.151692
shaker,plate_circ,+10,mod_depth,10,1.19,2.05,12.26,27.01,36.13,0.0081811,0.0383836,0.126173
shaker,plate_rect,+10,mod_depth,10,0.11,1.03,9.96,24.99,33.80,0.00109014,0.050564,0.176782
shaker,soundboard,+10,mod_depth,10,1.71,3.37,7.80,16.39,20.14,0.0174091,0.0768585,0.193925
shaker,tube,+10,mod_depth,10,0.65,1.67,9.03,21.12,34.09,0.0105571,0.0560215,0.178288
strike,bar,+10,mod_depth,10,0.04,1.29,5.76,12.37,13.49,1.24475e-05,0.0404576,0.102516
strike,chaotic,+10,mod_depth,10,0.73,1.23,9.15,22.39,40.10,0.00240116,0.054819,0.165477
strike,membrane,+10,mod_depth,10,2.22,3.12,12.38,18.83,38.21,0.0296487,0.1167,0.324115
strike,plate_circ,+10,mod_depth,10,2.97,4.38,7.76,13.74,15.07,0.00443893,0.0506156,0.112711
strike,plate_rect,+10,mod_depth,10,0.15,0.18,10.86,26.91,32.09,7.81406e-05,0.0719174,0.248671
strike,soundboard,+10,mod_depth,10,0.07,0.61,9.07,16.95,22.66,0.000843878,0.0486881,0.0952372
strike,tube,+10,mod_depth,10,0.16,0.90,6.41,13.46,22.74,0.0020473,0.055573,0.321894
vocal,bar,+10,mod_depth,10,0.84,1.12,8.82,23.04,25.40,0.00211838,0.0783615,0.262278
vocal,chaotic,+10,mod_depth,10,0.27,1.91,8.06,17.79,24.67,0.00346257,0.0659102,0.219993
vocal,membrane,+10,mod_depth,10,0.50,1.11,6.48,10.25,30.74,0.00727188,0.0399625,0.123961
vocal,plate_circ,+10,mod_depth,10,0.35,0.98,7.09,15.32,32.16,0.00395902,0.035072,0.145443
vocal,plate_rect,+10,mod_depth,10,0.73,0.89,7.47,14.59,25.24,0.00398479,0.0564278,0.223994
vocal,soundboard,+10,mod_depth,10,2.24,3.38,8.74,16.12,16.99,0.00381005,0.060787,0.17553
vocal,tube,+10,mod_depth,10,2.46,3.31,9.31,15.97,28.39,0.00822975,0.0803956,0.159065
bird,bar,+10,attack_time,10,0.57,1.38,8.81,15.57,29.96,0.00499397,0.0344515,0.0899405
bird,chaotic,+10,attack_time,10,0.62,0.66,7.04,17.81,21.93,0.00497419,0.119184,0.454167
bird,membrane,+10,attack_time,10,2.88,2.88,6.96,13.81,17.02,0.00497896,0.161525,0.818094
bird,plate_circ,+10,attack_time,10,2.31,2.46,12.14,27.80,31.85,0.00498904,0.0598628,0.134695
bird,plate_rect,+10,attack_time,10,0.90,2.63,8.80,12.01,27.73,0.00497896,0.123238,0.529395
bird,soundboard,+10,attack_time,10,2.66,4.31,13.64,24.47,31.34,0.00498788,0.0439012,0.169613
bird,tube,+10,attack_time,10,0.00,4.09,13.76,27.94,36.59,7.87052e-07,0.307248,2.0454
blow,bar,+10,attack_time,10,1.07,1.24,7.36,14.62,19.04,0.00499583,0.140624,0.917719
blow,chaotic,+10,attack_time,10,1.12,1.18,8.98,16.71,38.79,0.0049875,0.0931759,0.363562
blow,membrane,+10,attack_time,10,0.00,0.00,15.86,37.67,40.48,1.1649e-06,0.24091,0.718394
blow,plate_circ,+10,attack_time,10,0.43,1.60,7.05,13.49,17.58,0.00498001,0.0463967,0.244438
blow,plate_rect,+10,attack_time,10,0.01,0.01,10.19,19.85,29.76,4.29682e-06,0.158592,0.957032
blow,soundboard,+10,attack_time,10,0.00,0.00,6.38,13.95,19.15,4.57648e-06,0.190855,1.66374
blow,tube,+10,attack_time,10,0.01,1.19,4.87,9.30,9.85,1.43674e-05,0.0947712,0.488503
bow,bar,+10,attack_time,10,1.77,3.48,12.48,20.75,21.62,0.0248486,0.226439,1.31214
bow,chaotic,+10,attack_time,10,3.33,3.38,12.78,20.85,23.16,0.00499559,0.202529,0.78318
bow,membrane,+10,attack_time,10,0.00,0.02,6.30,13.19,21.80,1.24338e-06,0.0359525,0.17963
bow,plate_circ,+10,attack_time,10,1.94,4.04,10.83,18.45,25.81,0.0448946,0.275913,0.983634
bow,plate_rect,+10,attack_time,10,1.82,3.08,8.56,19.60,21.09,0.010001,0.140053,0.418732
bow,soundboard,+10,attack_time,10,0.00,1.60,8.56,19.99,20.15,1.24338e-06,0.0504392,0.144663
bow,tube,+10,attack_time,10,0.00,0.00,3.62,8.53,9.67,1.24338e-06,0.0464546,0.109894
chaos,bar,+10,attack_time,10,0.00,2.16,8.09,18.59,21.43,1.76556e-06,0.272352,1.24102
chaos,chaotic,+10,attack_time,10,0.00,0.00,5.24,12.79,16.89,2.44954e-06,0.142829,0.808395
chaos,membrane,+10,attack_time,10,1.57,2.30,5.90,9.18,11.14,0.00998006,0.136646,0.572839
chaos,plate_circ,+10,attack_time,10,0.00,1.18,7.92,13.07,27.27,1.2598e-05,0.0663317,0.184476
chaos,plate_rect,+10,attack_time,10,1.86,1.92,9.55,16.00,25.27,0.00997538,0.214944,0.997594
chaos,soundboard,+10,attack_time,10,1.99,2.32,7.38,16.28,17.22,0.00497454,0.0583524,0.139692
chaos,tube,+10,attack_time,10,0.00,1.41,7.22,14.19,26.66,2.01808e-06,0.0468918,0.129633
mechanical,bar,+10,attack_time,10,0.00,0.00,5.72,14.02,14.56,5.88286e-06,0.0718504,0.413972
mechanical,chaotic,+10,attack_time,10,1.50,2.57,8.57,12.87,22.94,0.0049846,0.0309393,0.144755
mechanical,membrane,+10,attack_time,10,0.00,0.00,3.58,6.71,14.47,5.0128e-06,0.0569627,0.234692
mechanical,plate_circ,+10,attack_time,10,1.14,1.47,7.07,17.89,18.98,0.0049846,0.0383539,0.119722
mechanical,plate_rect,+10,attack_time,10,3.55,5.89,13.52,20.76,37.56,0.00996884,0.261353,1.43182
mechanical,soundboard,+10,attack_time,10,2.29,2.69,6.73,13.52,16.03,0.00499272,0.0294362,0.0798463
mechanical,tube,+10,attack_time,10,0.05,1.13,7.74,14.32,18.99,0.00498053,0.0374485,0.134674
noise,bar,+10,attack_time,10,1.79,2.45,12.87,30.73,45.75,0.00496767,0.0828041,0.364122
noise,chaotic,+10,attack_time,10,1.40,2.14,9.91,17.46,23.58,0.00999536,0.0822773,0.394084
noise,membrane,+10,attack_time,10,1.87,3.50,8.88,16.39,19.33,0.00500665,0.102278,0.37412
noise,plate_circ,+10,attack_time,10,0.83,1.48,7.52,13.72,18.21,0.00497574,0.096838,0.319292
noise,plate_rect,+10,attack_time,10,2.40,4.72,13.41,25.14,26.30,0.00995934,0.264837,0.77271
noise,soundboard,+10,attack_time,10,0.01,0.41,12.30,30.40,42.04,1.37406e-05,0.0772925,0.27897
noise,tube,+10,attack_time,10,5.18,5.45,13.62,25.06,30.34,0.0349143,0.331246,1.51115
pluck,bar,+10,attack_time,10,0.00,0.01,3.53,7.02,9.60,3.30255e-06,0.0114934,0.049992
pluck,chaotic,+10,attack_time,10,0.00,0.01,4.39,9.18,9.72,1.73709e-07,0.0119879,0.0299291
pluck,membrane,+10,attack_time,10,0.00,0.00,3.74,13.14,18.86,9.94286e-07,0.00997821,0.0548699
pluck,plate_circ,+10,attack_time,10,0.00,0.80,12.29,27.79,34.51,2.91054e-06,0.0184635,0.0598551
pluck,plate_rect,+10,attack_time,10,0.00,0.00,7.65,16.75,17.17,5.30627e-07,0.0159593,0.0698415
pluck,soundboard,+10,attack_time,10,0.00,0.00,6.44,18.27,18.63,5.06478e-07,0.0294431,0.164712
pluck,tube,+10,attack_time,10,0.00,0.01,2.14,5.11,10.32,5.30627e-07,0.00399634,0.0099719
shaker,bar,+10,attack_time,10,2.54,4.55,10.42,15.72,23.31,0.00996479,0.0578949,0.1547
shaker,chaotic,+10,attack_time,10,1.07,2.85,10.01,17.93,21.25,0.00497338,0.0728501,0.259454
shaker,membrane,+10,attack_time,10,0.00,0.86,8.67,18.29,18.74,3.73381e-06,0.0299313,0.139616
shaker,plate_circ,+10,attack_time,10,1.07,1.14,5.78,11.59,12.31,0.00497338,0.0329462,0.0798529
shaker,plate_rect,+10,attack_time,10,0.28,2.93,11.41,19.53,26.64,0.00498264,0.0568746,0.214504
shaker,soundboard,+10,attack_time,10,0.00,3.66,13.58,25.72,29.45,1.95616e-07,0.0837591,0.563178
shaker,tube,+10,attack_time,10,0.00,1.23,9.14,18.95,28.24,6.24844e-07,0.0339438,0.0947862
strike,bar,+10,attack_time,10,0.00,0.01,9.65,18.28,21.54,1.83281e-06,0.033946,0.119928
strike,chaotic,+10,attack_time,10,0.01,1.50,9.09,16.57,19.86,6.47893e-06,0.0324268,0.154683
strike,membrane,+10,attack_time,10,0.66,1.95,12.74,31.87,42.79,0.00491161,0.106758,0.808105
strike,plate_circ,+10,attack_time,10,0.00,0.01,9.24,21.15,23.89,7.80876e-07,0.0523487,0.174614
strike,plate_rect,+10,attack_time,10,0.00,0.01,12.25,20.66,23.99,4.60632e-06,0.0483951,0.249474
strike,soundboard,+10,attack_time,10,0.00,0.01,11.85,19.31,59.71,1.83281e-06,0.0184466,0.11471
strike,tube,+10,attack_time,10,0.01,1.15,7.69,14.82,14.82,6.47893e-06,0.0269387,0.0946951
vocal,bar,+10,attack_time,10,0.00,1.33,9.23,18.59,25.55,5.60262e-06,0.245298,0.966787
vocal,chaotic,+10,attack_time,10,0.01,0.01,4.33,8.56,8.68,1.15307e-05,0.0823283,0.543888
vocal,membrane,+10,attack_time,10,0.00,3.08,6.72,13.39,14.05,5.43991e-07,0.13365,0.478436
vocal,plate_circ,+10,attack_time,10,1.12,1.86,13.79,22.76,31.78,0.00999028,0.127685,0.478528
vocal,plate_rect,+10,attack_time,10,0.37,0.45,12.00,27.55,35.25,0.00488611,0.0713401,0.284448
vocal,soundboard,+10,attack_time,10,0.01,0.63,8.35,13.58,30.25,0.000119633,0.104292,0.304484
vocal,tube,+10,attack_time,10,0.26,2.93,10.13,14.41,31.54,0.00505734,0.183401,1.1016
bird,bar,+10,decay_time,10,0.37,0.38,5.73,14.42,14.47,0.0149067,0.0617475,0.109758
bird,chaotic,+10,decay_time,10,0.11,0.23,5.75,11.70,15.72,0.00498967,0.234433,0.713467
bird,membrane,+10,decay_time,10,1.65,1.72,7.78,16.42,21.49,0.0249466,0.306509,1.01307
bird,plate_circ,+10,decay_time,10,1.73,3.12,7.85,13.59,19.60,0.0199006,0.332597,1.05736
bird,plate_rect,+10,decay_time,10,0.88,1.58,10.68,22.33,30.13,0.0150056,0.229836,0.683411
bird,soundboard,+10,decay_time,10,0.27,1.25,8.06,18.98,22.48,0.00497212,0.221482,0.812801
bird,tube,+10,decay_time,10,1.91,2.37,13.71,23.88,43.56,0.00994853,0.267359,2.03009
blow,bar,+10,decay_time,10,1.14,1.85,10.47,24.47,34.71,0.0149853,0.398062,1.21744
blow,chaotic,+10,decay_time,10,1.52,1.77,5.58,12.09,14.74,0.00500829,0.158534,1.20633
blow,membrane,+10,decay_time,10,0.31,2.32,12.82,24.83,34.19,0.004995,0.4321,1.03261
blow,plate_circ,+10,decay_time,10,2.77,3.00,5.37,8.00,11.43,0.0149347,0.170709,0.524478
blow,plate_rect,+10,decay_time,10,0.00,0.79,5.25,11.06,11.23,1.26228e-05,0.216841,0.941908
blow,soundboard,+10,decay_time,10,0.99,1.14,7.33,14.28,19.31,0.00504157,0.238851,1.0178
blow,tube,+10,decay_time,10,0.55,4.28,9.92,19.42,26.04,0.00998352,0.0788065,0.224318
bow,bar,+10,decay_time,10,1.23,2.01,8.48,16.03,17.36,0.0199272,0.262305,0.637659
bow,chaotic,+10,decay_time,10,0.85,0.97,3.40,7.20,7.85,0.0249127,0.118555,0.373741
bow,membrane,+10,decay_time,10,0.10,1.76,5.88,12.18,21.09,0.00998064,0.295245,0.977818
bow,plate_circ,+10,decay_time,10,0.52,1.72,8.09,16.35,23.68,0.0349122,0.176723,0.405023
bow,plate_rect,+10,decay_time,10,2.60,3.68,7.53,12.78,18.23,0.0249792,0.107776,0.194547
bow,soundboard,+10,decay_time,10,1.00,2.10,4.92,7.51,10.18,0.00498613,0.192517,0.613644
bow,tube,+10,decay_time,10,1.18,1.82,6.80,11.93,13.42,0.0049281,0.143661,0.668474
chaos,bar,+10,decay_time,10,0.60,1.12,4.41,9.73,10.33,0.00494203,0.146732,0.624001
chaos,chaotic,+10,decay_time,10,0.17,0.73,7.87,13.22,19.46,0.00489697,0.344086,1.42642
chaos,membrane,+10,decay_time,10,0.14,0.44,7.81,16.77,20.14,0.00504084,0.201414,0.837826
chaos,plate_circ,+10,decay_time,10,0.86,2.79,7.68,14.94,21.64,0.0149664,0.223523,1.30207
chaos,plate_rect,+10,decay_time,10,0.00,0.85,3.96,9.77,14.92,5.62249e-06,0.104322,0.459218
chaos,soundboard,+10,decay_time,10,1.15,1.21,6.82,13.10,20.46,0.00494841,0.156716,0.968646
chaos,tube,+10,decay_time,10,0.00,0.01,3.58,7.88,12.06,5.75076e-06,0.0404821,0.109771
mechanical,bar,+10,decay_time,10,0.01,0.40,4.70,12.25,18.12,3.83032e-05,0.141131,0.852614
mechanical,chaotic,+10,decay_time,10,1.38,1.63,6.19,10.21,12.32,0.00498239,0.175179,0.733499
mechanical,membrane,+10,decay_time,10,0.01,0.96,4.86,10.84,13.34,3.68611e-05,0.139734,0.319269
mechanical,plate_circ,+10,decay_time,10,0.00,0.06,3.30,7.16,7.97,1.50971e-06,0.0872051,0.312921
mechanical,plate_rect,+10,decay_time,10,0.50,0.75,6.95,15.80,17.74,0.0199242,0.303257,1.00276
mechanical,soundboard,+10,decay_time,10,1.56,2.53,5.68,10.08,12.18,0.0200033,0.130173,0.413472
mechanical,tube,+10,decay_time,10,2.65,2.98,13.39,24.85,26.13,0.00496418,0.215002,0.847902
noise,bar,+10,decay_time,10,1.06,1.82,10.74,22.27,25.27,0.0199744,0.214485,0.668473
noise,chaotic,+10,decay_time,10,0.62,1.44,5.89,14.19,17.66,0.00995125,0.180572,0.877872
noise,membrane,+10,decay_time,10,1.36,1.68,9.85,24.80,29.28,0.0199596,0.254043,0.513891
noise,plate_circ,+10,decay_time,10,0.54,0.65,6.98,12.94,31.28,0.0049943,0.151718,0.883442
noise,plate_rect,+10,decay_time,10,0.00,0.53,10.62,23.07,40.48,2.08439e-06,0.272276,0.773299
noise,soundboard,+10,decay_time,10,4.40,5.18,8.73,15.50,19.95,0.0399524,0.296417,0.793581
noise,tube,+10,decay_time,10,1.11,1.67,6.61,16.61,18.97,0.00493119,0.096267,0.309313
pluck,bar,+10,decay_time,10,0.98,1.12,10.61,22.56,38.26,0.0248719,0.367649,1.98596
pluck,chaotic,+10,decay_time,10,1.44,1.58,5.15,8.52,18.67,0.0198956,0.208113,1.078
pluck,membrane,+10,decay_time,10,0.01,0.62,4.87,10.54,10.73,0.000721596,0.102822,0.429053
pluck,plate_circ,+10,decay_time,10,0.85,2.09,5.34,9.67,14.06,0.0100332,0.161071,0.493607
pluck,plate_rect,+10,decay_time,10,0.95,1.35,4.78,10.08,13.55,0.0100344,0.176128,0.468833
pluck,soundboard,+10,decay_time,10,1.88,2.58,4.87,6.62,11.67,0.0349209,0.173161,0.319274
pluck,tube,+10,decay_time,10,0.06,0.39,3.51,9.11,11.34,0.00505238,0.0748393,0.453105
shaker,bar,+10,decay_time,10,0.17,1.74,4.41,7.42,13.39,0.0163618,0.155139,0.378845
shaker,chaotic,+10,decay_time,10,0.84,1.51,4.15,6.63,10.04,0.0299577,0.181674,0.553874
shaker,membrane,+10,decay_time,10,0.01,0.15,6.34,13.95,14.40,2.05124e-05,0.236507,0.71844
shaker,plate_circ,+10,decay_time,10,0.05,0.46,3.05,5.03,12.57,0.00514141,0.147105,0.463925
shaker,plate_rect,+10,decay_time,10,0.64,1.50,7.07,11.21,11.58,0.00498121,0.333428,0.644518
shaker,soundboard,+10,decay_time,10,1.03,1.43,7.92,16.67,20.31,0.014955,0.213422,0.643365
shaker,tube,+10,decay_time,10,0.00,0.19,4.24,10.84,12.69,2.74147e-06,0.039355,0.0648291
strike,bar,+10,decay_time,10,0.00,0.01,4.23,8.79,10.08,7.07843e-05,0.136739,0.728121
strike,chaotic,+10,decay_time,10,0.49,1.39,5.82,10.11,13.90,0.0100007,0.179049,0.793041
strike,membrane,+10,decay_time,10,0.00,1.32,6.52,17.12,17.53,2.20074e-05,0.279387,1.10782
strike,plate_circ,+10,decay_time,10,0.23,0.32,3.98,10.36,12.00,0.00504706,0.16319,0.634006
strike,plate_rect,+10,decay_time,10,0.05,0.54,4.44,11.29,16.44,0.00501752,0.108614,0.354389
strike,soundboard,+10,decay_time,10,0.06,1.08,3.79,7.24,8.20,0.00591225,0.141324,0.684004
strike,tube,+10,decay_time,10,0.11,0.67,5.86,10.75,11.18,0.0098788,0.0523632,0.139603
vocal,bar,+10,decay_time,10,0.01,0.33,6.69,12.79,13.85,0.00116329,0.152998,0.344434
vocal,chaotic,+10,decay_time,10,0.31,1.25,5.47,11.70,13.46,0.0100078,0.0758378,0.194608
vocal,membrane,+10,decay_time,10,0.45,0.52,2.79,7.19,7.93,0.00499507,0.0539584,0.139673
vocal,plate_circ,+10,decay_time,10,0.10,1.73,5.99,11.04,11.46,0.00970016,0.213412,0.420106
vocal,plate_rect,+10,decay_time,10,0.40,2.95,11.11,27.06,34.66,0.0248886,0.448756,1.95435
vocal,soundboard,+10,decay_time,10,0.51,0.68,5.92,10.94,16.58,0.00503587,0.27409,0.738335
vocal,tube,+10,decay_time,10,0.01,0.65,5.64,10.57,11.07,1.91556e-05,0.0638618,0.349236
bird,bar,+10,pitch,6,0.02,0.03,0.18,0.44,0.80,0.58694,5.2854,24.3111
bird,chaotic,+10,pitch,5,0.04,0.04,0.16,0.33,0.44,0.336104,3.45367,11.9023
bird,membrane,+10,pitch,4,0.06,0.07,0.26,0.48,0.53,1.54199,10.7516,30.6544
bird,plate_circ,+10,pitch,3,0.06,0.07,0.10,0.12,0.12,1.27476,2.71727,5.00211
bird,plate_rect,+10,pitch,7,0.01,0.08,0.23,0.39,0.45,0.723156,7.77061,16.5934
bird,soundboard,+10,pitch,8,0.04,0.04,0.28,0.77,0.91,0.976098,9.43468,34.4457
bird,tube,+10,pitch,5,0.01,0.02,0.04,0.06,0.08,0.137069,1.52441,3.40423
blow,bar,+10,pitch,5,0.02,0.02,0.04,0.07,0.08,0.0828438,0.275089,0.583499
blow,chaotic,+10,pitch,7,0.01,0.01,0.15,0.39,0.83,0.0481441,3.27268,19.9515
blow,membrane,+10,pitch,7,0.01,0.01,0.05,0.12,0.26,0.0278894,0.72762,4.40729
blow,plate_circ,+10,pitch,7,0.00,0.01,0.12,0.34,0.45,0.0183336,1.06304,5.03844
blow,plate_rect,+10,pitch,7,0.00,0.00,0.08,0.21,0.38,0.00155016,2.16836,12.4341
blow,soundboard,+10,pitch,7,0.01,0.01,0.10,0.26,0.56,0.0188656,2.66221,17.3509
blow,tube,+10,pitch,7,0.00,0.00,0.01,0.04,0.08,1.68057e-05,0.0730946,0.394427
bow,bar,+10,pitch,7,0.01,0.01,0.03,0.05,0.08,0.0217575,0.61068,2.25581
bow,chaotic,+10,pitch,8,0.00,0.00,0.10,0.26,0.58,0.00721002,1.26559,6.29243
bow,membrane,+10,pitch,6,0.01,0.01,0.04,0.07,0.08,0.061969,0.651908,1.51289
bow,plate_circ,+10,pitch,4,0.00,0.00,0.02,0.04,0.04,0.00781672,0.402134,1.34025
bow,plate_rect,+10,pitch,9,0.00,0.01,0.10,0.21,0.41,0.0122572,1.936,10.1953
bow,soundboard,+10,pitch,7,0.02,0.04,0.09,0.13,0.16,0.222806,1.91562,5.57163
bow,tube,+10,pitch,8,0.00,0.01,0.06,0.15,0.22,0.0142098,0.838903,4.45001
chaos,bar,+10,pitch,5,0.01,0.02,0.06,0.11,0.14,0.0156451,0.721567,2.92069
chaos,chaotic,+10,pitch,9,0.02,0.03,0.11,0.20,0.56,0.0484531,1.72411,11.899
chaos,membrane,+10,pitch,7,0.00,0.00,0.25,0.60,0.71,0.00307472,3.68406,12.9128
chaos,plate_circ,+10,pitch,8,0.01,0.02,0.16,0.42,0.56,0.022371,1.63039,5.83978
chaos,plate_rect,+10,pitch,8,0.00,0.01,0.06,0.13,0.21,0.00565981,0.49282,1.57342
chaos,soundboard,+10,pitch,10,0.01,0.02,0.08,0.15,0.26,0.0361597,1.27699,4.53999
chaos,tube,+10,pitch,8,0.01,0.01,0.08,0.19,0.21,0.0303439,1.10334,4.60414
mechanical,bar,+10,pitch,4,0.00,0.00,0.04,0.11,0.15,0.000625747,4.2242,15.915
mechanical,chaotic,+10,pitch,4,0.01,0.01,0.11,0.25,0.32,0.257673,1.00889,2.24295
mechanical,membrane,+10,pitch,1,0.03,0.03,0.03,0.03,0.03,1.14739,1.14739,1.14739
mechanical,plate_circ,+10,pitch,4,0.02,0.02,0.08,0.16,0.20,0.068821,7.89738,30.3474
mechanical,plate_rect,+10,pitch,3,0.00,0.00,0.03,0.07,0.08,0.0239781,1.16074,1.87887
mechanical,soundboard,+10,pitch,9,0.02,0.02,0.12,0.24,0.40,0.232756,5.74139,14.134
mechanical,tube,+10,pitch,4,0.00,0.00,0.07,0.17,0.20,0.0091793,4.72255,17.6685
noise,bar,+10,pitch,4,3.33,4.00,8.63,15.50,19.50,57.1352,133.852,198.38
noise,chaotic,+10,pitch,4,2.01,2.12,4.03,6.85,8.33,16.4488,97.4387,160.798
noise,membrane,+10,pitch,1,3.44,3.44,3.44,3.44,3.44,7.15279,7.15279,7.15279
noise,plate_circ,+10,pitch,5,0.88,2.59,6.65,9.65,9.86,21.6788,133.303,317.073
noise,plate_rect,+10,pitch,2,4.08,5.99,13.64,21.30,23.21,41.0675,191.878,342.689
noise,soundboard,+10,pitch,3,1.85,2.14,2.96,3.65,3.74,19.5298,33.0825,53.833
noise,tube,+10,pitch,3,5.58,6.64,13.73,21.95,24.72,23.7985,187.764,369.005
pluck,bar,+10,pitch,9,0.00,0.00,0.03,0.07,0.15,0.000690457,0.533676,1.99987
pluck,chaotic,+10,pitch,8,0.00,0.00,0.14,0.35,0.67,0.0131402,4.42002,23.1698
pluck,membrane,+10,pitch,9,0.00,0.01,2.54,4.59,22.73,0.0207233,39.7794,353.826
pluck,plate_circ,+10,pitch,4,0.00,0.00,0.01,0.03,0.04,0.00256628,0.313675,1.00123
pluck,plate_rect,+10,pitch,8,0.00,0.01,0.03,0.07,0.07,0.0405951,0.337624,1.00432
pluck,soundboard,+10,pitch,6,0.00,0.01,0.04,0.09,0.14,0.00408204,0.719289,3.05512
pluck,tube,+10,pitch,10,0.00,0.00,0.03,0.08,0.12,0.000577742,0.283814,0.814373
shaker,bar,+10,pitch,3,0.78,1.01,3.89,7.56,8.97,14.4008,134.475,205.131
shaker,chaotic,+10,pitch,3,1.86,2.61,4.47,5.87,5.92,78.9047,98.7474,125.086
shaker,membrane,+10,pitch,6,1.56,1.89,4.60,8.68,10.68,19.5431,212.855,862.241
shaker,plate_circ,+10,pitch,3,0.48,0.57,0.82,1.03,1.06,5.78754,15.1615,22.1934
shaker,plate_rect,+10,pitch,7,0.39,0.77,5.78,12.29,21.27,29.0797,100.852,213.556
shaker,soundboard,+10,pitch,2,2.74,3.71,7.59,11.46,12.43,15.7163,161.771,307.825
shaker,tube,+10,pitch,6,0.20,0.89,6.35,12.74,12.91,10.1327,112.558,316.591
strike,bar,+10,pitch,4,0.01,0.02,0.10,0.19,0.20,0.219176,2.88475,4.82732
strike,chaotic,+10,pitch,6,0.01,0.01,0.07,0.19,0.31,0.0989059,2.3762,11.9491
strike,membrane,+10,pitch,2,0.13,0.14,0.22,0.29,0.31,1.04898,1.48815,1.92732
strike,plate_circ,+10,pitch,4,0.00,0.01,0.18,0.46,0.63,0.0498916,0.610675,1.92879
strike,plate_rect,+10,pitch,4,0.03,0.06,0.13,0.20,0.24,0.868082,2.73777,5.31544
strike,soundboard,+10,pitch,6,0.01,0.01,0.20,0.51,0.92,0.160331,1.72369,7.65563
strike,tube,+10,pitch,6,0.01,0.01,0.08,0.21,0.34,0.131877,1.37403,5.30061
vocal,bar,+10,pitch,4,0.02,0.02,0.10,0.17,0.18,0.102039,0.348534,0.628994
vocal,chaotic,+10,pitch,6,0.00,0.02,0.20,0.40,0.42,0.0276799,1.97307,7.87822
vocal,membrane,+10,pitch,6,0.00,0.02,0.24,0.54,0.82,0.00445935,1.48432,4.14157
vocal,plate_circ,+10,pitch,4,0.01,0.01,0.20,0.52,0.72,0.0775803,0.805805,2.9463
vocal,plate_rect,+10,pitch,5,0.00,0.00,0.08,0.19,0.22,0.00749005,0.815133,2.87607
vocal,soundboard,+10,pitch,2,0.13,0.14,0.15,0.16,0.17,0.218793,0.364927,0.51106
vocal,tube,+10,pitch,4,0.01,0.03,0.11,0.18,0.22,0.0129933,0.562974,1.68206
bird,bar,+30,spectral_centroid,10,0.45,0.95,5.07,8.83,13.42,8.77015,449.104,1984.48
bird,chaotic,+30,spectral_centroid,10,1.53,1.94,4.44,6.76,8.49,63.5783,189.581,694.17
bird,membrane,+30,spectral_centroid,10,0.16,0.32,12.41,21.32,30.72,4.82904,934.042,2593.47
bird,plate_circ,+30,spectral_centroid,10,0.20,0.67,5.97,12.00,17.09,2.91848,478.495,1532.37
bird,plate_rect,+30,spectral_centroid,10,0.67,0.85,11.09,31.54,31.83,45.6405,386.011,1022.14
bird,soundboard,+30,spectral_centroid,10,0.24,1.06,4.76,9.05,11.82,10.4415,382.757,1068.66
bird,tube,+30,spectral_centroid,10,0.45,1.79,5.08,10.26,10.53,21.2932,299.593,554.526
blow,bar,+30,spectral_centroid,10,1.34,1.81,3.90,6.33,9.38,18.3829,214.259,683.82
blow,chaotic,+30,spectral_centroid,10,0.26,0.53,3.40,8.13,11.85,102.283,547.119,2380.37
blow,membrane,+30,spectral_centroid,10,0.00,0.37,10.56,30.94,32.78,0.10648,734.383,2000.89
blow,plate_circ,+30,spectral_centroid,10,0.02,0.15,2.17,4.46,11.52,3.95597,82.3409,230.504
blow,plate_rect,+30,spectral_centroid,10,0.18,1.15,4.31,9.04,10.89,10.1373,400.617,1638.6
blow,soundboard,+30,spectral_centroid,10,0.85,0.94,3.60,7.01,8.30,15.4,349.317,1024.68
blow,tube,+30,spectral_centroid,10,0.17,1.65,4.36,7.45,8.28,15.225,314.078,1165.55
bow,bar,+30,spectral_centroid,10,0.30,0.54,6.87,15.06,23.01,6.88627,237.712,1282.59
bow,chaotic,+30,spectral_centroid,10,1.01,1.46,6.66,12.29,20.69,33.6539,412.103,1563.62
bow,membrane,+30,spectral_centroid,10,0.05,0.65,3.98,8.22,13.34,6.51459,321.502,1867.66
bow,plate_circ,+30,spectral_centroid,10,1.46,1.67,5.50,10.18,11.18,12.6968,252.913,924.858
bow,plate_rect,+30,spectral_centroid,10,0.06,0.59,2.92,5.19,7.20,1.93691,137.453,636.697
bow,soundboard,+30,spectral_centroid,10,0.50,1.77,6.73,15.90,21.55,49.9946,310.803,979.96
bow,tube,+30,spectral_centroid,10,0.28,0.55,3.24,6.83,8.02,9.5556,261.719,554.19
chaos,bar,+30,spectral_centroid,10,0.63,0.66,2.59,4.72,5.60,4.01427,328.698,858.517
chaos,chaotic,+30,spectral_centroid,10,0.15,0.24,2.27,3.06,12.80,8.20088,225.974,497.69
chaos,membrane,+30,spectral_centroid,10,1.14,1.22,3.96,6.60,12.08,83.0815,383.285,758.875
chaos,plate_circ,+30,spectral_centroid,10,0.28,0.38,3.97,7.00,13.01,1.73483,282.887,707.51
chaos,plate_rect,+30,spectral_centroid,10,0.74,1.31,3.56,6.10,12.55,9.022,399.266,1147.88
chaos,soundboard,+30,spectral_centroid,10,0.22,0.38,3.46,9.38,10.91,59.7191,662.633,2537.45
chaos,tube,+30,spectral_centroid,10,1.42,1.45,2.90,4.07,4.47,100.302,371.566,718.657
mechanical,bar,+30,spectral_centroid,10,1.34,1.41,2.01,3.31,4.04,36.6289,337.469,1156.55
mechanical,chaotic,+30,spectral_centroid,10,0.08,0.86,4.26,7.28,24.36,5.65435,460.2,1676.63
mechanical,membrane,+30,spectral_centroid,10,0.15,0.18,2.27,5.63,6.90,1.64079,336.532,1402.02
mechanical,plate_circ,+30,spectral_centroid,10,0.38,1.04,5.48,9.08,21.36,21.7942,652.512,2068.08
mechanical,plate_rect,+30,spectral_centroid,10,0.64,1.15,5.65,10.62,13.54,2.10676,500.417,2443.38
mechanical,soundboard,+30,spectral_centroid,10,0.49,1.45,4.21,7.11,13.74,47.1195,540.051,2196.33
mechanical,tube,+30,spectral_centroid,10,0.02,0.02,3.95,8.39,9.46,2.40486,775.443,2145.45
noise,bar,+30,spectral_centroid,10,0.12,0.56,6.78,21.53,27.29,6.20418,252.492,1303.22
noise,chaotic,+30,spectral_centroid,10,0.28,0.52,3.69,7.82,15.52,1.06852,239.389,1025.9
noise,membrane,+30,spectral_centroid,10,1.05,2.09,4.50,6.83,7.26,26.8272,139.536,494.61
noise,plate_circ,+30,spectral_centroid,10,1.02,1.18,4.88,9.96,10.61,13.1068,228.116,1190.65
noise,plate_rect,+30,spectral_centroid,10,1.93,2.37,6.39,10.60,13.11,18.6768,417.76,2294.02
noise,soundboard,+30,spectral_centroid,10,0.56,0.66,9.37,18.13,22.99,7.64629,408.504,1996.23
noise,tube,+30,spectral_centroid,10,0.22,0.46,3.94,7.59,13.48,6.78133,637.31,3292.78
pluck,bar,+30,spectral_centroid,10,0.08,0.74,5.24,11.14,11.27,0.897927,173.743,595.933
pluck,chaotic,+30,spectral_centroid,10,0.29,0.65,4.81,9.64,14.26,4.06547,117.366,536.31
pluck,membrane,+30,spectral_centroid,10,0.01,0.10,2.22,3.77,4.55,0.126513,45.9441,130.955
pluck,plate_circ,+30,spectral_centroid,10,0.00,2.16,5.91,9.60,10.42,0.0272235,116.176,225.708
pluck,plate_rect,+30,spectral_centroid,10,0.77,1.16,6.37,10.59,12.34,2.61048,167.164,478.743
pluck,soundboard,+30,spectral_centroid,10,0.93,1.15,6.51,13.90,19.15,10.5474,260.276,994.309
pluck,tube,+30,spectral_centroid,10,0.67,0.78,4.49,9.85,11.40,13.3128,112.902,340.255
shaker,bar,+30,spectral_centroid,10,0.17,0.27,3.40,8.05,9.30,2.9288,108.275,292.763
shaker,chaotic,+30,spectral_centroid,10,0.36,1.71,3.25,5.46,7.64,4.83866,84.2337,235.877
shaker,membrane,+30,spectral_centroid,10,1.09,1.59,4.53,8.55,10.26,14.1018,146.177,432.153
shaker,plate_circ,+30,spectral_centroid,10,0.62,0.78,6.49,15.48,26.19,12.0615,161.301,494.008
shaker,plate_rect,+30,spectral_centroid,10,0.54,0.74,4.81,9.27,9.65,17.062,207.495,758.87
shaker,soundboard,+30,spectral_centroid,10,1.71,1.72,7.50,19.70,21.64,10.6086,300.438,1107.89
shaker,tube,+30,spectral_centroid,10,0.47,1.62,5.06,9.69,14.10,4.0942,208.884,579.32
strike,bar,+30,spectral_centroid,10,0.01,0.65,3.61,9.08,12.98,0.120287,188.462,1420.43
strike,chaotic,+30,spectral_centroid,10,0.20,0.38,3.77,11.18,13.24,3.04272,90.6898,421.618
strike,membrane,+30,spectral_centroid,10,1.11,2.44,10.70,16.98,21.49,26.0263,153.839,446.385
strike,plate_circ,+30,spectral_centroid,10,0.18,0.30,3.51,6.30,7.64,1.4149,57.6287,244.368
strike,plate_rect,+30,spectral_centroid,10,0.00,0.05,3.78,9.71,13.79,0.00282085,54.3097,246.127
strike,soundboard,+30,spectral_centroid,10,0.06,0.20,6.19,12.66,17.64,0.515027,192.921,905.13
strike,tube,+30,spectral_centroid,10,0.06,0.06,2.52,6.55,7.08,1.12043,77.3647,520.445
vocal,bar,+30,spectral_centroid,10,0.00,0.61,4.19,8.33,10.19,0.0530694,366.04,837.567
vocal,chaotic,+30,spectral_centroid,10,0.51,1.12,4.65,8.07,8.41,16.5184,531.533,1877.13
vocal,membrane,+30,spectral_centroid,10,0.02,0.27,3.25,6.54,11.27,0.0467835,135.665,672.741
vocal,plate_circ,+30,spectral_centroid,10,0.10,0.78,3.51,6.60,14.51,2.39804,459.419,1564.11
vocal,plate_rect,+30,spectral_centroid,10,0.08,0.50,2.99,7.66,8.48,6.28248,163.606,435.013
vocal,soundboard,+30,spectral_centroid,10,0.26,3.09,10.15,19.88,30.25,6.45542,658.568,1480.02
vocal,tube,+30,spectral_centroid,10,0.51,0.63,2.65,4.51,4.63,51.5594,314.453,726.572
bird,bar,+30,spectral_spread,10,0.03,0.99,4.50,9.52,12.37,5.31014,182.216,752.629
bird,chaotic,+30,spectral_spread,10,0.76,1.30,7.79,15.44,16.23,38.6886,225.869,527.863
bird,membrane,+30,spectral_spread,10,0.59,1.44,8.95,17.81,25.82,12.0297,639.142,2655.33
bird,plate_circ,+30,spectral_spread,10,2.95,3.03,9.99,22.08,29.20,38.8748,515.907,1313.29
bird,plate_rect,+30,spectral_spread,10,0.01,1.20,4.72,10.58,13.06,0.311995,185.469,526.22
bird,soundboard,+30,spectral_spread,10,0.34,0.56,4.48,11.38,15.19,34.3734,317.918,959.124
bird,tube,+30,spectral_spread,10,0.96,0.96,4.70,8.07,9.63,20.6072,258.898,765.846
blow,bar,+30,spectral_spread,10,0.57,0.59,4.98,12.15,23.21,34.3988,134.449,332.652
blow,chaotic,+30,spectral_spread,10,0.04,0.64,3.48,6.90,7.03,14.3238,708.414,2040.78
blow,membrane,+30,spectral_spread,10,0.06,0.23,9.85,18.57,44.68,10.9086,686.467,2488.75
blow,plate_circ,+30,spectral_spread,10,0.09,0.35,1.59,3.12,4.07,1.33579,117.615,300.262
blow,plate_rect,+30,spectral_spread,10,0.16,0.37,4.56,11.66,13.74,24.8169,426.363,2933.99
blow,soundboard,+30,spectral_spread,10,0.11,0.19,2.03,3.35,5.82,33.112,237.328,796.702
blow,tube,+30,spectral_spread,10,0.01,1.57,3.80,8.26,8.27,0.383434,465.025,1807.72
bow,bar,+30,spectral_spread,10,0.13,1.05,5.30,9.98,12.78,0.754307,432.693,1883.73
bow,chaotic,+30,spectral_spread,10,0.97,2.80,7.30,13.70,16.79,57.3273,381.337,1443.86
bow,membrane,+30,spectral_spread,10,0.81,1.24,9.38,14.48,40.88,55.9774,355.417,1895.01
bow,plate_circ,+30,spectral_spread,10,2.46,3.02,7.05,9.77,10.91,53.3447,430.363,1048.51
bow,plate_rect,+30,spectral_spread,10,0.37,0.90,4.69,11.11,15.17,1.67392,252.98,677.925
bow,soundboard,+30,spectral_spread,10,0.17,1.69,9.07,15.08,49.05,4.78264,552.127,2671.77
bow,tube,+30,spectral_spread,10,0.16,0.39,2.38,4.33,5.16,22.5577,231.087,570.848
chaos,bar,+30,spectral_spread,10,0.39,0.66,4.84,15.33,18.66,3.51754,474.881,1541.88
chaos,chaotic,+30,spectral_spread,10,0.01,0.08,2.10,3.85,10.22,2.51923,112.524,248.931
chaos,membrane,+30,spectral_spread,10,0.18,0.23,3.34,7.96,14.62,51.9664,507.794,2051.98
chaos,plate_circ,+30,spectral_spread,10,0.20,0.27,3.65,9.46,11.43,0.81036,299.619,1124.84
chaos,plate_rect,+30,spectral_spread,10,0.04,0.08,2.92,7.46,13.02,0.882239,379.7,2293.33
chaos,soundboard,+30,spectral_spread,10,0.04,0.06,2.84,7.22,19.82,11.7374,235.267,969.136
chaos,tube,+30,spectral_spread,10,0.01,0.07,1.67,3.12,5.85,3.70901,250.595,733.06
mechanical,bar,+30,spectral_spread,10,0.00,0.20,3.05,6.75,11.77,0.391607,339.022,974.552
mechanical,chaotic,+30,spectral_spread,10,0.29,0.34,6.33,16.07,24.89,55.5285,436.905,1227.34
mechanical,membrane,+30,spectral_spread,10,0.02,0.06,3.99,7.40,16.29,6.51525,192.266,1277
mechanical,plate_circ,+30,spectral_spread,10,0.07,0.40,6.12,11.76,20.58,14.7203,643.941,2465.66
mechanical,plate_rect,+30,spectral_spread,10,0.05,0.77,5.47,9.17,20.46,3.60009,230.752,868.689
mechanical,soundboard,+30,spectral_spread,10,0.16,0.29,2.69,5.41,6.86,21.8333,277.203,1140.41
mechanical,tube,+30,spectral_spread,10,0.15,0.48,3.48,7.08,7.86,44.8046,741.039,1675.61
noise,bar,+30,spectral_spread,10,0.30,0.77,8.29,18.34,21.26,4.07604,706.653,3072.01
noise,chaotic,+30,spectral_spread,10,1.13,3.42,9.54,15.99,17.28,30.5387,414.189,1585.63
noise,membrane,+30,spectral_spread,10,2.91,3.46,7.18,10.46,14.76,6.69385,183.743,493.179
noise,plate_circ,+30,spectral_spread,10,1.49,1.54,9.11,16.68,18.57,3.77636,366.703,2677.14
noise,plate_rect,+30,spectral_spread,10,0.21,1.82,4.78,8.39,14.98,0.390805,294.872,1090.18
noise,soundboard,+30,spectral_spread,10,0.69,1.34,9.61,20.77,27.03,16.6414,590.022,3764.98
noise,tube,+30,spectral_spread,10,0.04,0.66,2.14,4.29,4.76,5.04075,350.117,745.86
pluck,bar,+30,spectral_spread,10,0.35,0.97,7.77,16.89,22.00,8.63035,163.205,549.576
pluck,chaotic,+30,spectral_spread,10,0.74,1.22,5.44,9.09,10.54,5.81409,52.0398,129.131
pluck,membrane,+30,spectral_spread,10,0.10,0.28,4.65,8.77,16.70,2.14172,56.1699,146.753
pluck,plate_circ,+30,spectral_spread,10,1.42,1.60,8.19,20.91,31.19,18.9632,114.28,490.911
pluck,plate_rect,+30,spectral_spread,10,0.72,1.74,4.29,7.35,9.07,7.56243,79.8514,394.702
pluck,soundboard,+30,spectral_spread,10,1.64,1.86,8.88,13.25,35.25,35.096,377.755,1182.77
pluck,tube,+30,spectral_spread,10,0.24,0.48,2.66,5.56,5.90,5.25295,99.4063,295.041
shaker,bar,+30,spectral_spread,10,1.12,1.86,5.96,15.89,18.20,28.4145,276.423,1392.08
shaker,chaotic,+30,spectral_spread,10,1.30,2.18,6.45,10.12,21.34,62.861,167.493,254.907
shaker,membrane,+30,spectral_spread,10,0.58,1.29,9.80,20.89,45.54,12.5168,267.29,634.802
shaker,plate_circ,+30,spectral_spread,10,0.16,0.60,9.27,22.70,23.80,9.35096,213.344,735.558
shaker,plate_rect,+30,spectral_spread,10,0.29,0.58,6.94,13.51,21.61,27.7924,170.783,481.918
shaker,soundboard,+30,spectral_spread,10,0.71,1.26,5.70,13.38,13.85,4.84164,208.991,895.572
shaker,tube,+30,spectral_spread,10,0.08,1.03,6.19,10.13,25.06,0.758228,243.714,645.306
strike,bar,+30,spectral_spread,10,0.07,0.10,3.01,5.96,12.78,0.712534,76.2355,455.861
strike,chaotic,+30,spectral_spread,10,0.67,0.93,5.88,11.53,21.30,4.37865,48.113,215.406
strike,membrane,+30,spectral_spread,10,0.70,1.76,4.92,8.20,13.21,8.62036,32.3062,95.22
strike,plate_circ,+30,spectral_spread,10,0.25,1.09,3.89,7.82,9.62,0.834883,30.8995,84.6355
strike,plate_rect,+30,spectral_spread,10,0.30,0.74,4.18,8.69,11.88,0.90213,33.2248,124.009
strike,soundboard,+30,spectral_spread,10,0.09,0.85,6.47,10.70,12.74,0.0908296,84.6575,259.207
strike,tube,+30,spectral_spread,10,0.12,0.32,6.60,13.75,24.98,0.464715,54.9816,232.066
vocal,bar,+30,spectral_spread,10,0.21,0.53,2.98,7.46,7.96,5.71165,421.733,1635.96
vocal,chaotic,+30,spectral_spread,10,0.76,1.15,4.66,11.99,12.31,37.8062,367.072,851.021
vocal,membrane,+30,spectral_spread,10,0.22,0.48,2.75,4.70,10.28,0.29016,136.388,533.502
vocal,plate_circ,+30,spectral_spread,10,0.00,0.37,2.56,5.95,8.64,0.629609,312.728,1014.46
vocal,plate_rect,+30,spectral_spread,10,0.20,0.71,4.48,10.39,15.83,14.4704,215.9,925.775
vocal,soundboard,+30,spectral_spread,10,0.14,0.52,9.59,15.30,52.95,31.2913,569.774,2905.55
vocal,tube,+30,spectral_spread,10,0.01,0.26,1.55,2.95,3.28,1.23543,255.879,503.802
bird,bar,+30,spectral_rolloff,10,0.00,0.00,2.58,6.78,10.54,0.0422925,154.001,731.015
bird,chaotic,+30,spectral_rolloff,10,0.00,0.00,5.93,16.80,19.04,0.0259768,171.333,645.948
bird,membrane,+30,spectral_rolloff,10,0.01,0.21,1.61,5.26,6.32,0.461707,37.6234,107.861
bird,plate_circ,+30,spectral_rolloff,10,0.00,0.01,12.00,21.44,78.49,0.014793,536.022,2109.12
bird,plate_rect,+30,spectral_rolloff,10,0.00,0.00,5.53,11.67,27.07,0.0183132,195.974,936.576
bird,soundboard,+30,spectral_rolloff,10,0.00,0.00,7.14,22.71,29.57,0.0043225,333.612,1453.15
bird,tube,+30,spectral_rolloff,10,0.00,0.01,6.38,23.16,31.38,0.096149,364.034,1810.34
blow,bar,+30,spectral_rolloff,10,0.00,0.01,5.72,11.43,12.53,0.00226718,156.195,452.704
blow,chaotic,+30,spectral_rolloff,10,0.00,0.00,3.58,9.28,13.91,0.0562226,604.036,3358.09
blow,membrane,+30,spectral_rolloff,10,0.24,0.27,2.64,6.54,6.58,10.7823,100.12,365.982
blow,plate_circ,+30,spectral_rolloff,10,0.00,0.00,3.51,9.41,10.51,0.00270018,584.232,4070.55
blow,plate_rect,+30,spectral_rolloff,10,0.00,2.31,7.06,13.63,21.03,0.019395,532.766,1851.78
blow,soundboard,+30,spectral_rolloff,10,0.00,0.00,2.02,6.27,8.79,0.0316488,183.899,732.526
blow,tube,+30,spectral_rolloff,10,1.21,1.49,7.61,17.62,24.53,21.4791,341.19,1356.63
bow,bar,+30,spectral_rolloff,10,0.00,0.01,6.54,15.16,18.50,0.00644775,352.09,1981.71
bow,chaotic,+30,spectral_rolloff,10,0.64,0.68,8.13,18.75,19.38,21.5148,393.902,1720.67
bow,membrane,+30,spectral_rolloff,10,0.00,0.00,6.34,12.86,29.34,0.0344946,1257.14,10846.8
bow,plate_circ,+30,spectral_rolloff,10,0.00,0.01,6.39,15.68,15.68,0.0527909,489.762,1786.55
bow,plate_rect,+30,spectral_rolloff,10,0.00,0.00,1.13,4.67,5.32,0.00107112,22.6817,86.0817
bow,soundboard,+30,spectral_rolloff,10,0.01,0.01,6.08,16.46,23.53,0.0669252,396.339,1808.49
bow,tube,+30,spectral_rolloff,10,0.00,0.00,6.56,12.69,20.29,0.0345856,354.542,1433.11
chaos,bar,+30,spectral_rolloff,10,0.00,0.01,6.27,16.39,18.03,0.0701763,1156.36,9291.4
chaos,chaotic,+30,spectral_rolloff,10,0.00,0.00,6.51,15.34,20.74,0.00409427,319.571,893.364
chaos,membrane,+30,spectral_rolloff,10,2.36,4.18,8.18,17.68,18.60,43.0649,430.839,1033.91
chaos,plate_circ,+30,spectral_rolloff,10,0.00,0.00,3.60,7.67,13.13,0.0116878,165.849,968.801
chaos,plate_rect,+30,spectral_rolloff,10,0.00,0.02,5.67,12.98,23.55,0.0614979,437.116,1433.57
chaos,soundboard,+30,spectral_rolloff,10,0.00,0.23,8.89,17.55,17.67,0.0447673,650.639,1543.35
chaos,tube,+30,spectral_rolloff,10,0.19,0.27,3.28,7.87,13.30,10.6812,100.14,387.441
mechanical,bar,+30,spectral_rolloff,10,0.00,0.17,3.04,6.60,6.79,0.0453502,478.47,3816.17
mechanical,chaotic,+30,spectral_rolloff,10,0.00,0.01,2.59,5.37,10.44,0.10351,472.684,3779.11
mechanical,membrane,+30,spectral_rolloff,10,0.00,0.01,3.12,7.80,8.79,0.05301,603.657,4839.98
mechanical,plate_circ,+30,spectral_rolloff,10,0.00,0.51,11.09,20.45,37.64,0.0737722,1379.73,7886.52
mechanical,plate_rect,+30,spectral_rolloff,10,0.00,0.66,6.93,12.92,21.27,0.234097,225.056,732.122
mechanical,soundboard,+30,spectral_rolloff,10,0.00,0.00,1.65,4.39,8.19,0.221787,537.801,3460.31
mechanical,tube,+30,spectral_rolloff,10,0.01,0.14,3.32,10.86,12.13,0.165103,283.983,785.842
noise,bar,+30,spectral_rolloff,10,1.30,2.35,6.86,10.31,31.02,43.0544,159.338,549.1
noise,chaotic,+30,spectral_rolloff,10,0.00,0.00,4.38,9.56,18.42,0.000833055,229.383,667.424
noise,membrane,+30,spectral_rolloff,10,0.69,1.63,3.77,5.83,6.78,21.5324,107.703,280.546
noise,plate_circ,+30,spectral_rolloff,10,0.00,1.24,4.15,7.65,9.46,0.00691699,104.513,366.438
noise,plate_rect,+30,spectral_rolloff,10,0.00,0.00,3.56,7.40,7.81,0.00808602,165.84,1044.51
noise,soundboard,+30,spectral_rolloff,10,1.21,1.71,8.55,17.22,17.81,10.722,400.555,2950.26
noise,tube,+30,spectral_rolloff,10,0.00,0.12,4.36,9.14,9.55,0.0447095,766.564,6192.39
pluck,bar,+30,spectral_rolloff,10,0.00,0.00,4.80,10.52,22.42,0.0379761,247.63,1055.54
pluck,chaotic,+30,spectral_rolloff,10,0.00,0.00,2.38,8.61,10.02,0.00435083,26.9229,86.2341
pluck,membrane,+30,spectral_rolloff,10,0.00,0.00,2.20,6.99,12.33,7.92194e-05,53.8946,279.928
pluck,plate_circ,+30,spectral_rolloff,10,0.00,0.00,5.66,9.04,31.42,0.0022194,161.547,936.663
pluck,plate_rect,+30,spectral_rolloff,10,0.00,0.00,3.91,11.85,22.19,0.00782257,231.433,1389.14
pluck,soundboard,+30,spectral_rolloff,10,0.00,0.00,6.90,16.37,27.74,0.00361576,213.166,839.554
pluck,tube,+30,spectral_rolloff,10,0.00,0.00,6.28,20.79,24.94,0.00237748,244.444,1249.95
shaker,bar,+30,spectral_rolloff,10,0.00,1.75,4.96,9.36,11.50,0.0685217,206.836,926.623
shaker,chaotic,+30,spectral_rolloff,10,0.01,1.64,6.82,15.24,15.50,0.0705912,161.379,344.061
shaker,membrane,+30,spectral_rolloff,10,1.64,2.15,6.84,12.38,30.84,21.4683,220.656,860.142
shaker,plate_circ,+30,spectral_rolloff,10,0.00,0.86,4.82,14.09,16.69,0.0109397,130.116,730.971
shaker,plate_rect,+30,spectral_rolloff,10,0.27,0.30,3.74,8.02,9.28,20.6781,93.5459,215.33
shaker,soundboard,+30,spectral_rolloff,10,1.70,2.07,7.14,16.35,18.79,21.6214,248.742,1098.3
shaker,tube,+30,spectral_rolloff,10,0.01,1.50,6.04,11.61,13.09,0.0717234,198.052,570.339
strike,bar,+30,spectral_rolloff,10,0.00,0.00,4.27,16.09,21.18,0.000483485,119.313,883.478
strike,chaotic,+30,spectral_rolloff,10,0.00,0.00,2.69,8.76,9.46,0.035565,49.6566,366.267
strike,membrane,+30,spectral_rolloff,10,0.00,0.00,2.81,6.27,13.74,0.0189662,72.2304,452.226
strike,plate_circ,+30,spectral_rolloff,10,0.00,0.00,3.54,6.77,13.36,0.0279664,41.9918,182.912
strike,plate_rect,+30,spectral_rolloff,10,0.00,0.00,4.54,13.52,15.25,0.00470965,86.1165,343.827
strike,soundboard,+30,spectral_rolloff,10,0.00,0.00,6.75,16.96,20.33,0.00879947,219.554,947.497
strike,tube,+30,spectral_rolloff,10,0.00,0.00,6.56,18.10,26.06,0.00947724,135.636,731.825
vocal,bar,+30,spectral_rolloff,10,0.00,0.00,4.92,14.03,19.00,0.0137936,241.344,862.548
vocal,chaotic,+30,spectral_rolloff,10,0.00,0.00,2.65,5.59,7.17,0.0215729,269.192,2034.8
vocal,membrane,+30,spectral_rolloff,10,0.00,0.01,3.67,7.40,11.45,0.0334557,106.538,505.715
vocal,plate_circ,+30,spectral_rolloff,10,0.00,0.29,10.12,23.71,39.93,0.0590047,758.267,3095.23
vocal,plate_rect,+30,spectral_rolloff,10,0.00,0.00,6.31,14.38,18.45,0.0171228,181.951,667.285
vocal,soundboard,+30,spectral_rolloff,10,0.01,0.26,5.57,11.24,19.13,0.0334557,460.087,1798.08
vocal,tube,+30,spectral_rolloff,10,0.69,2.38,8.19,18.59,20.14,21.5468,737.39,2680.64
bird,bar,+30,spectral_flatness,10,0.06,0.11,5.32,12.21,13.85,7.57395e-05,0.00949184,0.0231644
bird,chaotic,+30,spectral_flatness,10,1.25,1.26,8.78,16.48,18.42,0.00165539,0.0154127,0.0410524
bird,membrane,+30,spectral_flatness,10,1.83,3.73,11.15,22.53,29.57,0.0033024,0.0216955,0.0602364
bird,plate_circ,+30,spectral_flatness,10,1.90,2.94,8.79,18.13,20.06,0.0043766,0.0146612,0.0326267
bird,plate_rect,+30,spectral_flatness,10,1.33,1.82,5.03,8.58,15.67,0.00194384,0.00868345,0.0265343
bird,soundboard,+30,spectral_flatness,10,3.22,3.67,9.79,20.29,25.07,0.00569788,0.0217591,0.0570196
bird,tube,+30,spectral_flatness,10,3.01,3.07,12.17,30.69,31.71,0.00614911,0.0253986,0.062469
blow,bar,+30,spectral_flatness,10,0.20,0.74,6.80,20.80,21.10,0.000324514,0.022481,0.0693494
blow,chaotic,+30,spectral_flatness,10,0.25,1.20,6.45,10.78,19.08,0.0025549,0.0327595,0.118451
blow,membrane,+30,spectral_flatness,10,1.34,2.82,11.89,24.46,27.89,0.0063534,0.0456086,0.0998489
blow,plate_circ,+30,spectral_flatness,10,0.79,1.09,6.14,12.77,13.07,0.0047953,0.0199405,0.0459177
blow,plate_rect,+30,spectral_flatness,10,0.21,2.52,6.08,9.92,18.20,0.00289119,0.0286194,0.0708464
blow,soundboard,+30,spectral_flatness,10,0.40,1.81,9.69,16.85,17.96,0.0009908,0.038843,0.086742
blow,tube,+30,spectral_flatness,10,0.29,2.10,7.85,16.19,18.86,0.000991589,0.0274296,0.0632156
bow,bar,+30,spectral_flatness,10,0.78,1.54,5.66,11.19,11.58,0.0010767,0.00871849,0.0171308
bow,chaotic,+30,spectral_flatness,10,3.86,4.76,10.78,15.62,17.82,0.00769185,0.0158537,0.0312506
bow,membrane,+30,spectral_flatness,10,1.50,1.75,7.43,17.49,19.67,0.00227708,0.011243,0.037353
bow,plate_circ,+30,spectral_flatness,10,1.11,2.79,10.27,21.76,22.77,0.00175818,0.0132528,0.0337412
bow,plate_rect,+30,spectral_flatness,10,0.87,1.79,6.72,11.38,11.87,0.00145772,0.0100197,0.0167409
bow,soundboard,+30,spectral_flatness,10,0.98,0.99,10.90,28.63,34.73,0.00112999,0.0155888,0.0564881
bow,tube,+30,spectral_flatness,10,0.66,1.63,10.28,21.30,24.47,0.000772846,0.017612,0.0396667
chaos,bar,+30,spectral_flatness,10,0.50,2.50,8.22,15.80,28.88,0.00405845,0.0403664,0.0846725
chaos,chaotic,+30,spectral_flatness,10,0.76,1.26,4.53,8.02,9.56,0.00290785,0.0253304,0.0505226
chaos,membrane,+30,spectral_flatness,10,2.04,2.51,4.65,7.46,9.03,0.00963284,0.0239228,0.0507545
chaos,plate_circ,+30,spectral_flatness,10,0.48,0.94,5.17,9.23,11.76,0.00363715,0.0211075,0.0571533
chaos,plate_rect,+30,spectral_flatness,10,2.34,2.48,5.39,8.16,12.79,0.00698061,0.0261345,0.0456954
chaos,soundboard,+30,spectral_flatness,10,0.53,1.23,3.94,10.91,12.74,0.00547287,0.0195041,0.0371232
chaos,tube,+30,spectral_flatness,10,1.75,2.66,6.59,13.56,15.55,0.0148551,0.0327853,0.0849368
mechanical,bar,+30,spectral_flatness,10,0.54,0.55,6.79,18.79,20.70,0.00475645,0.0302223,0.0896712
mechanical,chaotic,+30,spectral_flatness,10,0.26,0.53,5.04,10.69,12.54,0.00161277,0.030657,0.145798
mechanical,membrane,+30,spectral_flatness,10,0.76,0.85,5.55,10.53,14.92,0.00228174,0.026661,0.0609049
mechanical,plate_circ,+30,spectral_flatness,10,0.63,0.93,3.82,5.91,11.88,0.00547812,0.0146521,0.0300468
mechanical,plate_rect,+30,spectral_flatness,10,0.23,1.36,10.95,24.34,24.60,0.000875711,0.0502295,0.221336
mechanical,soundboard,+30,spectral_flatness,10,1.45,2.21,6.51,10.39,13.21,0.00669536,0.0296896,0.0690777
mechanical,tube,+30,spectral_flatness,10,0.32,0.39,5.20,11.18,12.69,0.0049442,0.0371491,0.0808654
noise,bar,+30,spectral_flatness,10,0.72,1.04,6.69,10.14,16.33,0.00161939,0.0229289,0.0670218
noise,chaotic,+30,spectral_flatness,10,0.14,3.44,7.07,13.68,14.68,0.000465225,0.0231184,0.0538926
noise,membrane,+30,spectral_flatness,10,2.57,3.08,8.39,14.32,20.69,0.0073284,0.0220029,0.0514828
noise,plate_circ,+30,spectral_flatness,10,0.25,2.20,5.19,10.36,10.54,0.000720879,0.0155012,0.0330215
noise,plate_rect,+30,spectral_flatness,10,1.61,2.60,10.96,19.40,21.01,0.00422843,0.0446592,0.155253
noise,soundboard,+30,spectral_flatness,10,3.73,4.04,9.09,14.21,20.29,0.00773654,0.0253171,0.0528213
noise,tube,+30,spectral_flatness,10,0.46,0.59,6.48,14.12,15.67,0.00117657,0.0316183,0.0910115
pluck,bar,+30,spectral_flatness,10,0.95,1.39,4.77,9.87,10.45,0.00259411,0.00724705,0.0142285
pluck,chaotic,+30,spectral_flatness,10,2.15,4.01,9.71,17.83,27.33,0.00410841,0.0137615,0.03632
pluck,membrane,+30,spectral_flatness,10,1.27,2.79,4.52,6.51,6.65,0.00378552,0.00740344,0.0124848
pluck,plate_circ,+30,spectral_flatness,10,0.47,1.45,6.16,13.96,20.88,0.00082805,0.011209,0.0383173
pluck,plate_rect,+30,spectral_flatness,10,0.51,4.93,9.42,17.08,17.21,0.000961806,0.016252,0.033498
pluck,soundboard,+30,spectral_flatness,10,0.31,1.38,5.96,12.31,12.92,0.000382693,0.0102146,0.0252313
pluck,tube,+30,spectral_flatness,10,0.74,4.32,8.40,13.78,14.08,0.00220407,0.0172086,0.0323149
shaker,bar,+30,spectral_flatness,10,1.44,2.93,8.17,14.56,16.48,0.002934,0.0122513,0.0253151
shaker,chaotic,+30,spectral_flatness,10,0.89,1.06,5.88,10.15,10.76,0.00151573,0.0103747,0.0192909
shaker,membrane,+30,spectral_flatness,10,0.30,0.88,6.67,12.36,26.66,0.000549912,0.00951439,0.0233774
shaker,plate_circ,+30,spectral_flatness,10,0.25,0.62,12.49,36.86,38.50,0.000363879,0.0173032,0.0501348
shaker,plate_rect,+30,spectral_flatness,10,0.66,3.22,8.87,17.00,21.37,0.00125816,0.0147999,0.0337134
shaker,soundboard,+30,spectral_flatness,10,2.04,2.11,7.79,15.02,17.42,0.00205317,0.0126286,0.0438964
shaker,tube,+30,spectral_flatness,10,1.78,2.38,5.95,11.28,16.43,0.00291044,0.0112671,0.0423904
strike,bar,+30,spectral_flatness,10,0.32,1.20,5.71,11.60,13.31,0.000361605,0.00772393,0.0188468
strike,chaotic,+30,spectral_flatness,10,1.10,1.31,4.05,6.92,13.24,0.00114928,0.00570242,0.0181027
strike,membrane,+30,spectral_flatness,10,2.82,3.04,10.45,21.83,22.26,0.00372458,0.0149196,0.0496754
strike,plate_circ,+30,spectral_flatness,10,1.27,1.60,7.22,14.85,20.28,0.00109187,0.012891,0.0553355
strike,plate_rect,+30,spectral_flatness,10,0.39,2.81,10.90,23.00,27.88,0.000741136,0.018081,0.0719582
strike,soundboard,+30,spectral_flatness,10,0.55,0.84,3.69,7.18,12.81,0.000627454,0.00595105,0.0222729
strike,tube,+30,spectral_flatness,10,0.71,0.92,7.84,13.97,13.97,0.000980204,0.011124,0.0241663
vocal,bar,+30,spectral_flatness,10,1.18,1.33,6.89,12.77,15.71,0.00366242,0.0247328,0.061103
vocal,chaotic,+30,spectral_flatness,10,1.43,1.44,8.04,14.93,16.38,0.00282079,0.0390462,0.0903767
vocal,membrane,+30,spectral_flatness,10,0.38,0.83,7.18,17.53,21.57,0.00110967,0.0256698,0.0705933
vocal,plate_circ,+30,spectral_flatness,10,0.25,0.88,6.23,10.40,14.51,0.000485935,0.032622,0.0779057
vocal,plate_rect,+30,spectral_flatness,10,2.28,3.75,8.03,14.33,15.53,0.00929327,0.0281879,0.0457623
vocal,soundboard,+30,spectral_flatness,10,3.44,3.79,13.13,22.57,34.83,0.0111738,0.0435708,0.097494
vocal,tube,+30,spectral_flatness,10,0.58,1.84,5.79,14.11,15.86,0.00363511,0.0269369,0.0626595
bird,bar,+30,roughness,10,0.05,1.20,5.94,13.43,14.05,1.09901e-05,0.00985238,0.042786
bird,chaotic,+30,roughness,10,1.22,1.65,6.18,10.22,12.76,1.13202e-05,0.144472,1.21108
bird,membrane,+30,roughness,10,0.32,0.63,6.78,19.19,24.52,0.00136414,0.225974,2.09082
bird,plate_circ,+30,roughness,10,0.74,2.65,5.98,9.20,12.87,7.34448e-05,0.091622,0.624035
bird,plate_rect,+30,roughness,10,3.01,3.28,9.96,19.35,20.99,0.00280649,0.0333893,0.16833
bird,soundboard,+30,roughness,10,0.06,0.10,4.90,13.16,14.80,6.21168e-07,0.0334851,0.168383
bird,tube,+30,roughness,10,0.41,4.54,6.55,10.59,10.93,0.000318268,0.117803,0.693817
blow,bar,+30,roughness,10,0.94,1.85,6.45,12.26,14.14,8.69511e-06,0.0816865,0.302789
blow,chaotic,+30,roughness,10,0.35,0.93,3.86,8.43,8.94,1.4044e-05,0.0703679,0.302034
blow,membrane,+30,roughness,10,0.92,1.32,7.81,13.57,15.57,0.000397994,0.100298,0.467879
blow,plate_circ,+30,roughness,10,0.00,0.45,5.38,12.18,13.35,1.9155e-08,0.0664658,0.248058
blow,plate_rect,+30,roughness,10,0.41,0.76,7.46,17.50,28.25,0.00795539,0.0586964,0.155406
blow,soundboard,+30,roughness,10,0.07,0.28,3.85,7.46,11.78,6.01992e-07,0.0301102,0.200333
blow,tube,+30,roughness,10,1.07,1.07,5.23,9.52,11.31,0.00236414,0.0805176,0.246187
bow,bar,+30,roughness,10,0.61,1.84,5.21,12.04,13.95,0.000481483,0.0281282,0.0920605
bow,chaotic,+30,roughness,10,0.51,1.26,5.04,9.95,17.40,0.00199091,0.0507414,0.272104
bow,membrane,+30,roughness,10,0.71,0.98,5.30,8.01,10.57,7.74883e-05,0.0352028,0.145172
bow,plate_circ,+30,roughness,10,0.49,6.31,12.85,22.03,25.41,0.000130737,0.055629,0.31933
bow,plate_rect,+30,roughness,10,0.39,0.76,4.46,6.87,9.56,4.87611e-05,0.0174006,0.0578455
bow,soundboard,+30,roughness,10,0.87,1.94,5.13,9.24,9.46,7.52803e-06,0.0132759,0.0427404
bow,tube,+30,roughness,10,0.14,0.51,4.18,9.48,13.02,0.000516917,0.046427,0.120734
chaos,bar,+30,roughness,10,0.58,0.64,4.88,8.29,24.66,6.64883e-06,0.0910023,0.252146
chaos,chaotic,+30,roughness,10,1.14,1.39,9.10,14.03,60.00,0.00756238,0.127281,0.419724
chaos,membrane,+30,roughness,10,1.06,1.58,4.23,9.15,9.98,0.0020303,0.103976,0.361315
chaos,plate_circ,+30,roughness,10,0.52,0.62,4.23,7.98,16.73,5.54874e-06,0.112004,0.397784
chaos,plate_rect,+30,roughness,10,0.75,2.09,5.20,9.33,9.36,0.000762238,0.125502,0.348501
chaos,soundboard,+30,roughness,10,0.15,0.28,2.82,5.88,8.19,0.000982115,0.118072,0.63869
chaos,tube,+30,roughness,10,0.18,1.01,3.14,6.26,7.55,0.00612205,0.146515,0.375094
mechanical,bar,+30,roughness,10,0.70,1.45,5.71,14.35,16.12,0.00334174,0.197054,0.655107
mechanical,chaotic,+30,roughness,10,0.16,1.25,4.43,10.38,11.33,1.14506e-06,0.279273,0.836901
mechanical,membrane,+30,roughness,10,0.59,0.71,8.97,20.77,28.06,0.0218789,0.379215,1.0719
mechanical,plate_circ,+30,roughness,10,1.09,1.58,7.71,13.19,21.46,0.00877232,0.385331,2.8835
mechanical,plate_rect,+30,roughness,10,0.39,0.65,8.50,20.16,24.02,4.94174e-06,0.37951,3.40184
mechanical,soundboard,+30,roughness,10,0.93,1.20,4.01,7.30,9.51,6.10497e-05,0.0832,0.186726
mechanical,tube,+30,roughness,10,1.08,1.97,6.05,9.42,11.55,0.0298622,0.356483,0.722615
noise,bar,+30,roughness,10,0.00,0.13,4.35,6.68,15.70,4.95328e-08,0.420316,1.91846
noise,chaotic,+30,roughness,10,0.00,0.23,6.83,17.83,23.23,4.95328e-08,0.433289,3.48444
noise,membrane,+30,roughness,10,0.17,0.59,4.02,10.43,11.10,9.25208e-06,0.0843003,0.324285
noise,plate_circ,+30,roughness,10,0.01,1.07,6.02,13.73,27.49,5.98203e-08,0.130467,0.750493
noise,plate_rect,+30,roughness,10,0.00,0.05,4.03,6.37,24.57,4.9627e-08,0.0459725,0.219486
noise,soundboard,+30,roughness,10,0.00,0.52,8.95,20.39,45.59,4.95329e-08,0.0861499,0.474547
noise,tube,+30,roughness,10,5.22,5.29,10.62,17.12,18.61,0.000122438,1.16324,5.04562
pluck,bar,+30,roughness,10,0.12,0.79,8.03,21.02,27.27,2.68109e-05,0.0410257,0.185165
pluck,chaotic,+30,roughness,10,0.01,0.03,4.28,6.62,19.26,4.65061e-08,0.0352841,0.203815
pluck,membrane,+30,roughness,10,0.60,0.76,4.99,15.30,17.93,5.41451e-06,0.0266271,0.0986849
pluck,plate_circ,+30,roughness,10,0.53,0.65,6.22,12.41,18.83,5.15653e-06,0.0348658,0.134031
pluck,plate_rect,+30,roughness,10,0.70,2.42,9.91,17.65,32.90,3.00025e-05,0.0411835,0.152872
pluck,soundboard,+30,roughness,10,0.01,1.96,9.02,17.52,23.67,4.66548e-08,0.14454,0.442059
pluck,tube,+30,roughness,10,0.01,0.28,4.10,6.98,10.25,4.66548e-08,0.0996065,0.363495
shaker,bar,+30,roughness,10,0.97,2.57,8.50,14.86,16.57,3.98145e-05,0.0978285,0.488681
shaker,chaotic,+30,roughness,10,0.21,0.62,6.31,18.00,20.37,1.03828e-05,0.0235511,0.125518
shaker,membrane,+30,roughness,10,0.00,0.24,4.52,12.46,12.81,2.95488e-08,0.00616884,0.0319328
shaker,plate_circ,+30,roughness,10,0.06,0.81,7.01,16.22,17.12,5.00524e-07,0.0397023,0.115307
shaker,plate_rect,+30,roughness,10,0.19,3.44,9.70,19.97,22.01,1.6839e-06,0.044374,0.179172
shaker,soundboard,+30,roughness,10,0.00,0.75,7.79,13.68,13.90,1.08205e-08,0.0605097,0.297112
shaker,tube,+30,roughness,10,0.00,0.97,5.79,14.86,15.20,2.95488e-08,0.0920608,0.546746
strike,bar,+30,roughness,10,0.00,0.40,5.91,11.69,12.29,1.55906e-09,0.00388758,0.0206436
strike,chaotic,+30,roughness,10,0.00,0.00,6.69,18.43,19.01,1.55906e-09,0.0076086,0.0676374
strike,membrane,+30,roughness,10,0.32,0.46,11.54,32.23,33.95,2.99699e-06,0.00480756,0.0312996
strike,plate_circ,+30,roughness,10,0.00,0.00,10.29,32.55,36.49,1.55906e-09,0.00199827,0.00924436
strike,plate_rect,+30,roughness,10,0.00,0.00,2.06,6.28,6.47,1.55901e-09,0.000472789,0.00248684
strike,soundboard,+30,roughness,10,0.00,0.00,9.84,24.68,37.00,1.55864e-09,0.00270239,0.0125785
strike,tube,+30,roughness,10,0.00,0.00,12.48,26.86,28.97,1.55906e-09,0.0493476,0.23875
vocal,bar,+30,roughness,10,0.01,1.22,8.22,15.32,25.93,1.01355e-07,0.290879,1.16211
vocal,chaotic,+30,roughness,10,0.19,0.41,3.78,11.39,12.91,1.94444e-05,0.183417,0.550963
vocal,membrane,+30,roughness,10,0.02,0.92,2.05,4.36,4.50,1.1712e-07,0.133621,0.389807
vocal,plate_circ,+30,roughness,10,1.76,1.83,5.81,13.58,17.60,1.46881e-05,0.412115,1.64186
vocal,plate_rect,+30,roughness,10,0.38,0.39,4.39,13.98,16.65,2.87783e-06,0.216909,0.776329
vocal,soundboard,+30,roughness,10,0.56,2.45,6.87,11.10,13.03,0.00211696,0.475069,1.2265
vocal,tube,+30,roughness,10,1.03,2.97,7.63,14.34,14.48,0.00960424,0.447287,1.39821
bird,bar,+30,tonal_focus,10,1.16,1.65,6.36,13.68,15.04,0.0120724,0.0659832,0.155941
bird,chaotic,+30,tonal_focus,10,0.46,0.51,6.77,15.38,16.07,0.00473986,0.0701458,0.166582
bird,membrane,+30,tonal_focus,10,0.04,0.54,9.18,16.76,31.98,0.000451054,0.0951479,0.331517
bird,plate_circ,+30,tonal_focus,10,0.17,0.78,7.89,18.42,23.32,0.00179232,0.0818154,0.241738
bird,plate_rect,+30,tonal_focus,10,1.49,3.18,14.07,30.02,39.21,0.0154423,0.145876,0.406534
bird,soundboard,+30,tonal_focus,10,0.36,1.37,12.01,23.50,30.83,0.00374445,0.124485,0.319654
bird,tube,+30,tonal_focus,10,1.07,1.95,7.54,20.04,20.73,0.0110512,0.0781374,0.214903
blow,bar,+30,tonal_focus,10,0.02,0.03,7.61,14.94,41.22,0.000165292,0.0781236,0.422933
blow,chaotic,+30,tonal_focus,10,0.39,1.53,6.89,11.04,15.97,0.0040105,0.0706523,0.163809
blow,membrane,+30,tonal_focus,10,1.37,3.08,12.24,19.80,39.96,0.0141048,0.125585,0.409953
blow,plate_circ,+30,tonal_focus,10,2.33,3.74,9.85,19.63,24.46,0.0239253,0.101067,0.25091
blow,plate_rect,+30,tonal_focus,10,0.86,1.37,5.37,8.47,21.65,0.00885792,0.0551398,0.222138
blow,soundboard,+30,tonal_focus,10,0.27,1.00,6.44,13.12,13.71,0.00275731,0.0660204,0.140696
blow,tube,+30,tonal_focus,10,0.88,2.00,6.24,15.99,19.12,0.00903868,0.0640358,0.196134
bow,bar,+30,tonal_focus,10,0.20,0.30,6.30,10.85,33.72,0.00206186,0.0635814,0.340364
bow,chaotic,+30,tonal_focus,10,0.70,4.40,10.71,18.01,22.26,0.00707826,0.1081,0.224673
bow,membrane,+30,tonal_focus,10,1.68,2.08,7.63,13.27,22.16,0.0170068,0.0769975,0.223706
bow,plate_circ,+30,tonal_focus,10,0.73,0.73,7.79,16.22,33.02,0.00733764,0.0786071,0.333351
bow,plate_rect,+30,tonal_focus,10,0.01,0.32,5.05,9.47,12.90,5.95723e-05,0.0509859,0.130238
bow,soundboard,+30,tonal_focus,10,2.38,2.40,7.94,15.22,19.09,0.0239898,0.080136,0.19269
bow,tube,+30,tonal_focus,10,3.25,3.26,8.59,16.50,16.61,0.0328051,0.0867183,0.167637
chaos,bar,+30,tonal_focus,10,0.12,0.39,5.88,16.34,28.06,0.00117953,0.0573612,0.273855
chaos,chaotic,+30,tonal_focus,10,0.44,0.98,6.77,12.35,20.04,0.0043184,0.066061,0.19555
chaos,membrane,+30,tonal_focus,10,0.15,0.55,5.73,12.03,12.24,0.00143464,0.0559453,0.119416
chaos,plate_circ,+30,tonal_focus,10,0.55,0.97,6.57,15.30,15.41,0.00539261,0.0640811,0.150334
chaos,plate_rect,+30,tonal_focus,10,1.15,2.12,7.76,16.53,32.71,0.0112551,0.0757535,0.319178
chaos,soundboard,+30,tonal_focus,10,1.29,2.86,7.13,11.16,16.34,0.0125425,0.0695661,0.159429
chaos,tube,+30,tonal_focus,10,1.32,1.58,5.58,10.10,12.84,0.0128507,0.054447,0.125327
mechanical,bar,+30,tonal_focus,10,0.07,0.97,8.72,17.03,31.83,0.000735954,0.0942157,0.343808
mechanical,chaotic,+30,tonal_focus,10,3.26,3.73,7.51,11.87,17.25,0.035246,0.0811069,0.186298
mechanical,membrane,+30,tonal_focus,10,0.05,2.14,5.52,8.19,8.46,0.000583671,0.05963,0.0914279
mechanical,plate_circ,+30,tonal_focus,10,0.45,0.55,3.45,5.87,12.81,0.00483767,0.0372619,0.138418
mechanical,plate_rect,+30,tonal_focus,10,0.42,0.65,6.39,16.61,20.67,0.00453838,0.0689695,0.223293
mechanical,soundboard,+30,tonal_focus,10,0.00,4.07,9.55,18.47,23.00,5.63936e-06,0.103165,0.248487
mechanical,tube,+30,tonal_focus,10,0.67,0.77,5.91,13.54,15.89,0.00720526,0.0637952,0.171676
noise,bar,+30,tonal_focus,10,0.89,2.45,8.45,12.42,15.97,0.00972346,0.0923178,0.174347
noise,chaotic,+30,tonal_focus,10,0.85,1.06,8.64,18.17,24.38,0.00929584,0.0943712,0.266235
noise,membrane,+30,tonal_focus,10,0.82,1.08,7.51,15.47,15.75,0.00896536,0.0819927,0.17196
noise,plate_circ,+30,tonal_focus,10,0.34,0.54,4.10,12.72,16.62,0.00375683,0.0448022,0.181546
noise,plate_rect,+30,tonal_focus,10,0.53,1.39,10.56,29.93,32.04,0.00577838,0.115266,0.349892
noise,soundboard,+30,tonal_focus,10,0.38,4.41,19.54,54.89,61.45,0.00415458,0.213419,0.671007
noise,tube,+30,tonal_focus,10,1.30,3.04,9.16,14.18,23.27,0.0141835,0.100029,0.2541
pluck,bar,+30,tonal_focus,10,0.41,1.15,5.23,11.01,12.43,0.00474233,0.0608487,0.144562
pluck,chaotic,+30,tonal_focus,10,0.27,1.52,9.23,15.76,45.17,0.00309836,0.107352,0.52546
pluck,membrane,+30,tonal_focus,10,0.39,1.06,3.26,5.09,9.28,0.00452346,0.0378978,0.10797
pluck,plate_circ,+30,tonal_focus,10,0.81,2.13,9.21,13.10,18.24,0.00938543,0.107131,0.212173
pluck,plate_rect,+30,tonal_focus,10,0.29,1.03,6.99,10.44,22.55,0.00342648,0.0813157,0.26238
pluck,soundboard,+30,tonal_focus,10,3.03,3.47,6.11,11.34,11.65,0.0352528,0.071122,0.135526
pluck,tube,+30,tonal_focus,10,0.00,0.28,6.88,14.87,23.27,1.82858e-05,0.0800738,0.270685
shaker,bar,+30,tonal_focus,10,1.81,4.81,11.88,18.25,22.52,0.019342,0.126944,0.240581
shaker,chaotic,+30,tonal_focus,10,0.73,0.94,10.03,24.31,34.24,0.00782227,0.107123,0.36585
shaker,membrane,+30,tonal_focus,10,0.55,1.71,8.26,13.76,24.01,0.00591839,0.0881985,0.256515
shaker,plate_circ,+30,tonal_focus,10,0.32,1.18,10.72,25.02,25.35,0.00344783,0.114493,0.270856
shaker,plate_rect,+30,tonal_focus,10,1.46,2.20,9.65,17.60,26.55,0.0155523,0.103102,0.283651
shaker,soundboard,+30,tonal_focus,10,2.18,2.30,9.37,20.23,40.01,0.0233381,0.100152,0.427479
shaker,tube,+30,tonal_focus,10,0.25,1.80,7.80,15.03,15.31,0.00268484,0.0833626,0.163627
strike,bar,+30,tonal_focus,10,1.11,2.48,9.44,19.75,31.72,0.0108613,0.0921071,0.309384
strike,chaotic,+30,tonal_focus,10,1.50,1.89,6.41,12.14,14.61,0.0146218,0.0625185,0.142498
strike,membrane,+30,tonal_focus,10,0.31,2.92,11.34,28.49,31.35,0.00302316,0.110656,0.305858
strike,plate_circ,+30,tonal_focus,10,1.74,1.97,7.95,16.74,19.57,0.0169455,0.0775398,0.190916
strike,plate_rect,+30,tonal_focus,10,0.28,1.83,5.09,9.01,15.22,0.00275569,0.0496637,0.148502
strike,soundboard,+30,tonal_focus,10,0.12,0.54,15.01,42.12,50.40,0.00116196,0.146431,0.491643
strike,tube,+30,tonal_focus,10,0.31,0.86,4.66,8.95,19.00,0.00298539,0.0454147,0.185387
vocal,bar,+30,tonal_focus,10,0.27,0.34,9.14,19.26,27.99,0.00258212,0.0868129,0.265831
vocal,chaotic,+30,tonal_focus,10,0.40,1.25,7.36,16.42,28.47,0.00379358,0.0699238,0.270429
vocal,membrane,+30,tonal_focus,10,1.14,2.33,8.75,17.10,21.93,0.0108282,0.0831552,0.20829
vocal,plate_circ,+30,tonal_focus,10,0.02,0.06,6.99,15.78,19.07,0.00017223,0.0663658,0.181182
vocal,plate_rect,+30,tonal_focus,10,1.01,1.75,4.80,8.95,11.22,0.00963186,0.0455485,0.106533
vocal,soundboard,+30,tonal_focus,10,4.19,4.36,9.62,15.22,21.64,0.0397636,0.091358,0.205543
vocal,tube,+30,tonal_focus,10,0.02,1.16,6.86,11.95,14.79,0.000147257,0.0651263,0.140457
bird,bar,+30,inharmonicity,10,0.90,2.40,9.60,17.85,19.93,0.000175336,0.00549851,0.013883
bird,chaotic,+30,inharmonicity,10,3.45,3.74,7.71,13.60,27.88,0.000731994,0.00774213,0.0343435
bird,membrane,+30,inharmonicity,9,1.83,3.68,9.68,20.25,20.64,0.000443235,0.0113042,0.0303386
bird,plate_circ,+30,inharmonicity,9,0.73,2.07,10.30,18.76,19.19,0.00174973,0.0169625,0.047235
bird,plate_rect,+30,inharmonicity,10,1.73,3.53,13.51,22.90,24.52,0.000610108,0.0125731,0.0455906
bird,soundboard,+30,inharmonicity,10,3.14,3.91,11.86,20.67,23.78,0.000720133,0.0111317,0.0327095
bird,tube,+30,inharmonicity,10,0.50,1.31,5.34,13.73,14.24,0.000102108,0.00662295,0.0375596
blow,bar,+30,inharmonicity,10,0.64,0.89,5.47,9.66,11.57,0.000531541,0.00892002,0.0331138
blow,chaotic,+30,inharmonicity,8,1.65,2.52,8.42,14.18,15.14,0.00188087,0.00847085,0.0280817
blow,membrane,+30,inharmonicity,9,0.43,0.52,5.67,9.58,11.84,0.000379579,0.007489,0.0186827
blow,plate_circ,+30,inharmonicity,9,0.39,0.43,5.85,16.44,19.93,0.000122052,0.00639101,0.0208906
blow,plate_rect,+30,inharmonicity,9,0.44,1.80,8.67,18.50,18.78,0.00053513,0.0252722,0.0644049
blow,soundboard,+30,inharmonicity,10,1.01,1.70,9.40,14.14,16.22,0.000517726,0.0185507,0.0497019
blow,tube,+30,inharmonicity,9,1.01,1.48,14.46,27.26,57.68,0.000772233,0.0219241,0.063824
bow,bar,+30,inharmonicity,9,1.64,2.19,7.49,12.47,12.69,0.000471948,0.00938542,0.0335328
bow,chaotic,+30,inharmonicity,8,0.05,0.08,6.04,15.09,21.74,1.16971e-05,0.0101656,0.0391512
bow,membrane,+30,inharmonicity,8,1.53,5.86,10.28,15.57,20.85,0.000407219,0.0121169,0.0540625
bow,plate_circ,+30,inharmonicity,10,0.23,2.81,7.89,14.36,21.66,0.000281435,0.010527,0.0285217
bow,plate_rect,+30,inharmonicity,9,0.76,0.89,6.90,14.58,25.33,0.000453299,0.00490708,0.0162971
bow,soundboard,+30,inharmonicity,9,0.20,1.09,12.74,22.73,30.11,0.000142063,0.0105878,0.0254854
bow,tube,+30,inharmonicity,9,0.14,0.57,5.61,13.28,17.95,0.000183617,0.00512502,0.0122411
chaos,bar,+30,inharmonicity,10,0.12,0.79,5.02,11.03,11.66,3.78136e-05,0.00883661,0.0432829
chaos,chaotic,+30,inharmonicity,10,0.70,2.49,8.10,16.80,22.77,0.00121428,0.00958747,0.027749
chaos,membrane,+30,inharmonicity,9,0.83,2.66,8.22,13.43,15.34,0.000747939,0.0140878,0.0347508
chaos,plate_circ,+30,inharmonicity,10,0.47,1.83,9.32,15.53,22.11,0.000267327,0.0118624,0.027882
chaos,plate_rect,+30,inharmonicity,10,0.99,1.33,7.67,12.34,21.17,0.000873852,0.00770472,0.0203948
chaos,soundboard,+30,inharmonicity,10,0.50,1.08,5.12,10.71,12.31,0.000144253,0.00435321,0.00965409
chaos,tube,+30,inharmonicity,10,0.73,0.86,4.00,6.53,9.31,0.000689679,0.00636555,0.0238517
mechanical,bar,+30,inharmonicity,7,5.45,5.99,14.53,28.28,44.65,0.00298986,0.0244549,0.0934981
mechanical,chaotic,+30,inharmonicity,9,0.84,0.97,5.39,12.16,12.17,0.000438221,0.0108373,0.0326918
mechanical,membrane,+30,inharmonicity,6,0.07,3.52,17.51,37.72,48.04,6.68761e-05,0.0155795,0.037215
mechanical,plate_circ,+30,inharmonicity,7,2.07,2.96,6.75,10.58,14.94,0.00262811,0.0086873,0.0161006
mechanical,plate_rect,+30,inharmonicity,6,0.52,1.18,5.14,11.42,13.83,0.000179232,0.0070059,0.0231912
mechanical,soundboard,+30,inharmonicity,10,0.29,1.18,7.06,13.20,15.44,0.000475959,0.00488797,0.0193963
mechanical,tube,+30,inharmonicity,7,1.04,1.24,6.98,12.69,13.29,0.000861743,0.0114568,0.026611
noise,bar,+30,inharmonicity,7,3.24,4.68,9.41,14.47,15.97,0.00352785,0.0152162,0.0355264
noise,chaotic,+30,inharmonicity,5,6.95,8.41,12.65,17.00,19.25,0.00158811,0.0136026,0.0263312
noise,membrane,+30,inharmonicity,4,1.86,4.60,9.35,12.59,13.09,0.00123882,0.0152423,0.0353466
noise,plate_circ,+30,inharmonicity,6,0.48,3.24,8.74,16.38,18.45,0.000136323,0.011785,0.0205623
noise,plate_rect,+30,inharmonicity,8,2.70,4.13,10.99,19.90,20.51,0.00723241,0.025924,0.0502729
noise,soundboard,+30,inharmonicity,6,2.61,3.03,14.07,30.39,30.81,0.00157151,0.0141242,0.0438163
noise,tube,+30,inharmonicity,8,0.81,3.58,11.34,24.58,30.39,0.00250193,0.0190544,0.0607768
pluck,bar,+30,inharmonicity,10,0.06,0.16,5.95,12.52,12.54,3.93198e-05,0.00402406,0.0161054
pluck,chaotic,+30,inharmonicity,10,0.37,0.84,6.61,15.15,17.46,0.000127883,0.00573824,0.0189105
pluck,membrane,+30,inharmonicity,9,0.29,1.04,4.19,7.34,10.40,0.000230003,0.00509244,0.0184671
pluck,plate_circ,+30,inharmonicity,10,0.61,1.19,7.59,14.46,28.61,0.000538033,0.0124323,0.0663716
pluck,plate_rect,+30,inharmonicity,10,0.23,0.92,8.40,20.18,21.64,0.000177049,0.00756752,0.028682
pluck,soundboard,+30,inharmonicity,10,1.01,2.01,10.04,20.15,46.36,0.000317157,0.0246091,0.145731
pluck,tube,+30,inharmonicity,9,0.34,2.13,9.45,19.06,22.06,0.000506218,0.0147685,0.0473106
shaker,bar,+30,inharmonicity,10,0.62,0.73,9.51,15.96,18.93,0.000544141,0.0117386,0.0193142
shaker,chaotic,+30,inharmonicity,10,2.43,3.07,11.93,19.67,29.21,0.0023494,0.0181401,0.0622967
shaker,membrane,+30,inharmonicity,9,0.38,2.42,10.89,24.15,25.48,0.000550911,0.0159418,0.049768
shaker,plate_circ,+30,inharmonicity,9,5.53,6.85,10.08,14.06,14.90,0.00285826,0.0140429,0.0337666
shaker,plate_rect,+30,inharmonicity,9,0.50,2.34,4.83,7.79,10.67,0.000217171,0.00474256,0.0190195
shaker,soundboard,+30,inharmonicity,9,0.95,4.97,15.50,25.70,44.10,0.00347761,0.0539367,0.341955
shaker,tube,+30,inharmonicity,9,3.23,3.50,12.49,22.40,25.61,0.000899313,0.0126867,0.049338
strike,bar,+30,inharmonicity,9,2.58,3.30,8.28,14.15,23.37,0.00127559,0.0115236,0.0433267
strike,chaotic,+30,inharmonicity,9,0.03,1.26,9.73,22.63,30.13,2.07336e-05,0.0138472,0.050663
strike,membrane,+30,inharmonicity,10,2.49,4.87,10.66,20.61,21.62,0.00361185,0.01635,0.042631
strike,plate_circ,+30,inharmonicity,8,0.27,3.39,10.70,19.73,32.92,7.42735e-05,0.0210841,0.0558573
strike,plate_rect,+30,inharmonicity,8,0.79,0.89,5.74,10.60,14.08,0.000407143,0.00463759,0.0155818
strike,soundboard,+30,inharmonicity,8,0.99,1.52,7.64,15.60,20.62,0.000457507,0.0093857,0.0232413
strike,tube,+30,inharmonicity,8,0.47,0.87,4.21,10.35,10.93,0.00021701,0.0152085,0.0728755
vocal,bar,+30,inharmonicity,8,1.48,1.85,6.02,10.55,19.73,0.00129296,0.00861765,0.0308441
vocal,chaotic,+30,inharmonicity,8,0.32,1.08,4.97,10.15,10.66,0.000272861,0.00421428,0.0122932
vocal,membrane,+30,inharmonicity,7,1.93,2.11,5.04,9.30,10.15,0.00110141,0.00716983,0.0179313
vocal,plate_circ,+30,inharmonicity,8,0.55,0.73,10.36,22.07,37.77,0.000340018,0.0134518,0.0392514
vocal,plate_rect,+30,inharmonicity,9,2.52,2.58,8.84,13.92,23.72,0.000341431,0.0122663,0.0282205
vocal,soundboard,+30,inharmonicity,6,2.77,2.89,8.71,19.37,32.03,0.00353847,0.011329,0.0307967
vocal,tube,+30,inharmonicity,8,0.16,0.28,3.75,8.42,12.12,0.000329603,0.00549962,0.027865
bird,bar,+30,formant_f1,10,0.49,1.53,8.92,18.78,20.35,8.79837,140.032,414.542
bird,chaotic,+30,formant_f1,10,0.04,0.11,4.92,8.41,26.52,0.512004,55.3164,278.106
bird,membrane,+30,formant_f1,10,0.43,0.93,5.01,8.35,18.32,7.24662,50.3641,123.73
bird,plate_circ,+30,formant_f1,10,0.17,0.65,8.74,19.50,25.30,1.56978,106.884,335.974
bird,plate_rect,+30,formant_f1,10,0.14,0.61,7.65,14.21,20.52,3.04803,69.0234,288.114
bird,soundboard,+30,formant_f1,10,0.15,0.19,5.15,8.72,23.12,1.85995,67.4367,128.16
bird,tube,+30,formant_f1,10,2.00,2.07,8.82,20.48,28.36,19.5005,143.063,455.849
blow,bar,+30,formant_f1,10,0.09,1.73,6.75,13.59,29.12,1.36231,47.4679,169.839
blow,chaotic,+30,formant_f1,10,0.01,0.06,4.40,10.84,20.48,0.201721,57.2147,350.165
blow,membrane,+30,formant_f1,10,0.07,0.29,4.53,11.45,17.33,0.342246,44.3452,186.491
blow,plate_circ,+30,formant_f1,10,0.18,0.42,4.67,10.52,15.15,1.00427,43.7728,192.752
blow,plate_rect,+30,formant_f1,10,0.91,3.04,6.39,9.51,10.47,14.6695,70.7496,180.277
blow,soundboard,+30,formant_f1,10,0.19,0.23,7.03,12.19,41.30,1.02266,66.0764,335.905
blow,tube,+30,formant_f1,10,2.18,2.70,10.80,25.09,35.97,16.5945,142.953,502.811
bow,bar,+30,formant_f1,10,0.01,0.03,3.43,6.33,14.29,0.0596124,21.3692,53.9546
bow,chaotic,+30,formant_f1,10,2.06,4.11,11.14,18.97,34.85,42.5966,131.374,270.75
bow,membrane,+30,formant_f1,10,0.05,0.22,9.41,25.02,35.88,0.934418,95.9017,485.782
bow,plate_circ,+30,formant_f1,10,1.53,2.49,9.58,19.53,22.50,8.86182,107.306,279.58
bow,plate_rect,+30,formant_f1,10,0.03,0.76,4.69,11.22,18.76,0.33408,55.5704,192.221
bow,soundboard,+30,formant_f1,10,0.19,1.40,6.63,13.98,17.05,3.19458,96.8807,331.514
bow,tube,+30,formant_f1,10,0.15,0.22,4.66,10.03,17.06,1.51903,54.8485,280.81
chaos,bar,+30,formant_f1,10,0.18,0.24,5.74,10.66,26.71,0.509173,73.5814,348.531
chaos,chaotic,+30,formant_f1,10,0.96,1.01,5.49,10.46,10.93,9.16517,55.9818,114.355
chaos,membrane,+30,formant_f1,10,0.68,1.08,5.85,8.60,15.23,10.1255,84.9017,321.656
chaos,plate_circ,+30,formant_f1,10,0.03,0.48,4.50,7.74,16.48,0.0801221,39.6608,95.1496
chaos,plate_rect,+30,formant_f1,10,0.39,0.61,5.66,14.64,20.44,5.89997,76.8749,257.783
chaos,soundboard,+30,formant_f1,10,1.52,1.67,5.00,8.69,11.18,4.12546,64.115,188.433
chaos,tube,+30,formant_f1,10,0.01,0.76,4.99,13.02,13.83,0.140476,50.8794,126.794
mechanical,bar,+30,formant_f1,10,0.37,0.72,7.41,15.98,18.43,4.22425,92.2143,353.756
mechanical,chaotic,+30,formant_f1,10,0.09,0.17,4.08,6.60,24.82,0.978811,61.3338,368.948
mechanical,membrane,+30,formant_f1,10,0.37,0.39,6.31,18.93,21.04,1.58147,79.0662,372.155
mechanical,plate_circ,+30,formant_f1,10,0.02,0.80,5.74,12.95,19.60,0.367753,54.0743,109.413
mechanical,plate_rect,+30,formant_f1,10,0.27,0.40,5.53,12.96,14.89,3.38427,71.1501,244.576
mechanical,soundboard,+30,formant_f1,10,0.05,0.07,3.62,6.35,16.87,0.826284,80.2523,466.55
mechanical,tube,+30,formant_f1,10,0.14,1.34,5.43,8.71,20.09,0.932823,72.5,271.984
noise,bar,+30,formant_f1,10,2.28,2.75,7.79,11.53,21.34,5.36273,105.551,576.505
noise,chaotic,+30,formant_f1,10,0.53,1.02,9.29,19.40,24.99,1.89579,95.7219,210.952
noise,membrane,+30,formant_f1,10,1.47,2.47,10.66,17.80,41.53,9.44722,116.156,536.431
noise,plate_circ,+30,formant_f1,10,1.25,1.52,7.15,12.19,12.91,14.2141,89.6889,233.41
noise,plate_rect,+30,formant_f1,10,0.58,3.19,6.06,10.16,11.39,11.7942,51.7474,88.199
noise,soundboard,+30,formant_f1,10,1.20,4.54,15.28,26.13,28.62,11.6352,134.372,542.074
noise,tube,+30,formant_f1,10,0.06,1.27,7.95,12.16,23.44,0.433913,112.947,324.481
pluck,bar,+30,formant_f1,10,0.59,0.86,6.33,19.48,20.12,4.88325,97.0891,459.155
pluck,chaotic,+30,formant_f1,10,0.02,0.34,4.56,10.44,16.36,0.229148,53.5419,194.602
pluck,membrane,+30,formant_f1,10,0.21,0.27,4.64,15.06,15.20,2.82897,70.635,382.603
pluck,plate_circ,+30,formant_f1,10,0.19,1.32,4.58,8.54,10.37,2.94978,50.2291,158.205
pluck,plate_rect,+30,formant_f1,10,0.11,0.13,6.39,12.38,20.11,0.292166,44.9304,112.421
pluck,soundboard,+30,formant_f1,10,0.07,0.16,9.73,27.57,28.07,0.9122,73.3433,242.011
pluck,tube,+30,formant_f1,10,0.06,0.07,6.04,12.66,25.20,1.11605,53.9225,264.16
shaker,bar,+30,formant_f1,10,0.15,1.38,6.16,13.05,16.71,2.01071,92.3479,323.437
shaker,chaotic,+30,formant_f1,10,2.26,2.29,7.65,13.75,26.80,10.357,75.6015,280.19
shaker,membrane,+30,formant_f1,10,2.35,3.08,7.65,12.54,20.88,15.2379,63.9458,163.434
shaker,plate_circ,+30,formant_f1,10,1.33,2.79,13.70,28.17,44.44,10.6879,122.163,294.867
shaker,plate_rect,+30,formant_f1,10,0.32,2.81,9.67,18.94,23.09,2.88317,143.164,528.272
shaker,soundboard,+30,formant_f1,10,1.64,3.21,9.77,17.68,22.53,13.0651,111.303,226.249
shaker,tube,+30,formant_f1,10,2.39,3.05,9.02,15.39,20.07,13.0365,138.469,488.323
strike,bar,+30,formant_f1,10,0.23,0.26,3.42,7.56,7.93,2.74945,42.1812,109.177
strike,chaotic,+30,formant_f1,10,0.06,0.07,3.56,12.11,15.22,1.61726,60.9266,357.404
strike,membrane,+30,formant_f1,10,0.27,1.27,8.17,17.64,27.41,0.679063,109.52,382.799
strike,plate_circ,+30,formant_f1,10,0.01,1.72,9.26,19.50,30.52,0.0955798,72.7,181.988
strike,plate_rect,+30,formant_f1,10,0.02,0.02,8.04,24.10,33.97,0.109204,80.6248,470.849
strike,soundboard,+30,formant_f1,10,0.03,0.28,7.71,15.44,33.19,0.246456,130.258,506.73
strike,tube,+30,formant_f1,10,0.04,0.17,7.76,25.48,28.60,0.546921,79.7208,379.249
vocal,bar,+30,formant_f1,10,0.01,1.10,8.43,21.05,29.04,0.0707199,61.6613,294.79
vocal,chaotic,+30,formant_f1,10,0.21,0.27,4.37,9.14,17.04,1.15489,77.5821,535.143
vocal,membrane,+30,formant_f1,10,0.43,0.43,6.36,14.91,16.26,4.13559,39.589,108.313
vocal,plate_circ,+30,formant_f1,10,1.46,2.11,14.90,33.82,42.77,9.8054,123.08,366.378
vocal,plate_rect,+30,formant_f1,10,0.62,0.71,4.81,9.46,20.81,3.73523,44.3346,193.924
vocal,soundboard,+30,formant_f1,10,1.62,2.48,10.55,18.81,23.86,21.5861,113.609,356.888
vocal,tube,+30,formant_f1,10,0.15,0.80,7.09,13.15,20.80,2.15753,85.3616,242.672
bird,bar,+30,formant_f2,10,0.04,0.28,3.53,6.06,13.00,0.629157,64.4382,225.013
bird,chaotic,+30,formant_f2,10,0.97,1.13,4.83,7.31,19.61,19.2935,81.1935,282.043
bird,membrane,+30,formant_f2,10,0.31,1.25,8.05,19.06,38.60,9.47363,113.946,605.197
bird,plate_circ,+30,formant_f2,10,0.07,0.25,9.04,20.11,32.44,2.5231,195.612,780.405
bird,plate_rect,+30,formant_f2,10,0.49,1.78,12.56,38.18,38.18,9.19683,280.416,1055.06
bird,soundboard,+30,formant_f2,10,0.94,0.95,7.16,13.16,17.77,18.8164,158.694,366.448
bird,tube,+30,formant_f2,10,0.88,1.55,8.57,14.36,26.59,25.3853,209.743,674.417
blow,bar,+30,formant_f2,10,0.04,0.82,6.12,13.58,20.84,0.867448,99.3119,376.148
blow,chaotic,+30,formant_f2,10,0.10,0.11,5.09,13.07,25.58,1.01189,109.022,618.192
blow,membrane,+30,formant_f2,10,0.29,0.43,7.11,23.86,31.62,4.51832,141.229,667.096
blow,plate_circ,+30,formant_f2,10,0.02,0.61,6.79,14.11,21.49,0.468753,96.3641,252.391
blow,plate_rect,+30,formant_f2,10,0.59,1.77,9.70,19.81,38.70,14.5922,169.308,477.721
blow,soundboard,+30,formant_f2,10,0.04,0.29,5.43,10.28,13.00,0.796492,126.409,370.771
blow,tube,+30,formant_f2,10,0.79,1.70,7.02,13.72,17.39,7.69074,161.466,436.798
bow,bar,+30,formant_f2,10,1.39,4.38,10.56,18.06,24.04,19.6087,228.419,610.01
bow,chaotic,+30,formant_f2,10,0.05,0.35,4.37,8.37,9.09,0.653185,83.7579,214.335
bow,membrane,+30,formant_f2,10,0.15,0.21,6.48,12.94,20.57,1.82313,105.073,398.882
bow,plate_circ,+30,formant_f2,10,0.72,1.65,9.72,21.41,31.69,11.0246,145.537,456.519
bow,plate_rect,+30,formant_f2,10,0.27,0.84,6.42,10.07,27.83,4.91116,136.356,637.188
bow,soundboard,+30,formant_f2,10,0.11,0.76,9.51,18.69,19.94,2.65709,195.991,416.246
bow,tube,+30,formant_f2,10,0.16,0.95,6.80,11.67,21.95,3.8326,120.494,354.935
chaos,bar,+30,formant_f2,10,0.18,0.41,6.68,14.13,17.02,3.8024,124.88,249.488
chaos,chaotic,+30,formant_f2,10,0.51,1.23,4.77,11.20,11.41,7.35752,104.094,328.862
chaos,membrane,+30,formant_f2,10,0.47,1.43,6.44,14.43,15.64,12.5298,125.982,308.621
chaos,plate_circ,+30,formant_f2,10,0.01,0.53,5.25,9.34,16.87,0.295417,89.0828,237.286
chaos,plate_rect,+30,formant_f2,10,0.00,0.08,4.05,6.98,19.72,0.0716947,64.4025,144.358
chaos,soundboard,+30,formant_f2,10,0.49,1.43,7.80,16.05,18.08,14.7817,154.675,321.702
chaos,tube,+30,formant_f2,10,0.28,0.49,4.44,8.69,20.88,8.04049,104.692,520.654
mechanical,bar,+30,formant_f2,10,0.03,0.10,4.98,12.33,13.93,0.782162,82.3807,301.635
mechanical,chaotic,+30,formant_f2,10,0.13,0.72,8.34,19.36,23.36,1.21468,117.084,307.921
mechanical,membrane,+30,formant_f2,10,1.18,1.34,7.67,23.84,27.67,9.95363,123.829,622.419
mechanical,plate_circ,+30,formant_f2,10,0.78,0.83,10.13,24.16,28.80,18.1777,214.869,542.414
mechanical,plate_rect,+30,formant_f2,10,0.09,0.25,11.90,27.39,42.36,2.37153,177.038,463.42
mechanical,soundboard,+30,formant_f2,10,0.13,0.21,2.97,6.67,11.83,3.02093,70.4937,309.429
mechanical,tube,+30,formant_f2,10,1.31,1.88,8.18,13.21,33.57,27.6962,136.113,271.132
noise,bar,+30,formant_f2,10,1.37,1.89,9.18,16.74,34.90,32.1938,141.523,619.527
noise,chaotic,+30,formant_f2,10,0.08,1.69,4.69,7.36,9.93,1.98071,114.486,270.679
noise,membrane,+30,formant_f2,10,0.88,3.62,5.87,8.06,9.78,13.4858,106.817,255.785
noise,plate_circ,+30,formant_f2,10,2.05,3.26,8.72,12.64,23.09,28.1069,168.267,681.524
noise,plate_rect,+30,formant_f2,10,0.29,0.79,8.43,18.01,35.04,8.70135,120.902,428.846
noise,soundboard,+30,formant_f2,10,0.13,2.28,12.19,21.28,44.02,2.68881,230.216,812.393
noise,tube,+30,formant_f2,10,0.83,1.26,9.43,22.22,45.74,5.21016,189.902,996.729
pluck,bar,+30,formant_f2,10,0.28,0.34,3.31,7.58,11.56,2.14732,62.7595,249.01
pluck,chaotic,+30,formant_f2,10,0.29,0.31,8.55,24.01,44.44,5.26958,153.424,871.42
pluck,membrane,+30,formant_f2,10,0.83,0.88,8.29,17.10,26.41,6.79713,124.241,350.858
pluck,plate_circ,+30,formant_f2,10,0.07,0.49,2.43,4.78,8.85,0.714035,31.1905,88.1147
pluck,plate_rect,+30,formant_f2,10,0.07,0.09,4.27,10.65,17.02,1.46125,66.802,189.588
pluck,soundboard,+30,formant_f2,10,1.00,1.50,8.02,14.61,20.17,16.4988,133.343,352.314
pluck,tube,+30,formant_f2,10,0.02,0.19,3.50,6.48,10.11,0.481769,57.094,167.486
shaker,bar,+30,formant_f2,10,0.60,4.73,11.70,18.47,23.67,6.5724,222.188,449.699
shaker,chaotic,+30,formant_f2,10,4.24,4.66,11.51,17.90,37.48,55.8924,191.518,638.254
shaker,membrane,+30,formant_f2,10,2.43,3.13,9.84,13.83,39.83,19.0152,202.772,1191.32
shaker,plate_circ,+30,formant_f2,10,0.03,0.57,7.48,15.03,16.46,0.324864,144.476,436.424
shaker,plate_rect,+30,formant_f2,10,0.59,0.78,4.32,11.06,18.73,3.30583,119.921,617.08
shaker,soundboard,+30,formant_f2,10,3.22,3.28,18.29,36.64,56.33,42.2424,337.986,1102.44
shaker,tube,+30,formant_f2,10,0.46,0.72,11.00,19.60,21.53,12.1625,231.539,464.18
strike,bar,+30,formant_f2,10,0.21,0.37,5.05,10.04,20.79,3.87565,64.3961,265.451
strike,chaotic,+30,formant_f2,10,0.11,0.26,2.50,7.41,14.33,1.9684,47.9168,345.525
strike,membrane,+30,formant_f2,10,0.45,0.58,8.37,20.88,23.93,5.93107,135.268,451.617
strike,plate_circ,+30,formant_f2,10,0.11,0.16,10.90,23.03,43.51,2.77364,160.412,728.877
strike,plate_rect,+30,formant_f2,10,0.05,0.17,4.42,12.70,23.18,1.11922,69.7787,336.002
strike,soundboard,+30,formant_f2,10,0.15,0.25,6.36,15.36,21.73,1.35997,140.583,671.884
strike,tube,+30,formant_f2,10,0.33,1.13,2.84,5.24,5.65,4.12594,58.9945,248.697
vocal,bar,+30,formant_f2,10,0.01,0.45,8.07,17.59,30.14,0.0904756,185.615,594.673
vocal,chaotic,+30,formant_f2,10,0.00,0.20,5.38,10.69,11.25,0.0486311,104.837,368.6
vocal,membrane,+30,formant_f2,10,0.81,1.13,7.80,19.84,21.67,8.32245,120.09,265.722
vocal,plate_circ,+30,formant_f2,10,1.19,4.87,11.02,19.78,22.03,9.00274,222.22,358.363
vocal,plate_rect,+30,formant_f2,10,0.88,1.01,8.43,22.05,28.08,17.4307,154.319,731.058
vocal,soundboard,+30,formant_f2,10,1.91,2.51,9.05,18.21,23.30,68.7438,174.073,361.255
vocal,tube,+30,formant_f2,10,0.78,2.05,10.40,23.13,25.40,21.0226,308.323,815.943
bird,bar,+30,formant_f3,10,0.18,0.39,9.13,21.59,33.41,3.62213,157.437,548.064
bird,chaotic,+30,formant_f3,10,0.01,1.33,5.94,9.75,16.33,0.121158,93.4701,242.617
bird,membrane,+30,formant_f3,10,0.40,1.79,7.86,16.49,16.52,9.49207,123.329,245.163
bird,plate_circ,+30,formant_f3,10,0.00,0.05,5.99,12.21,33.81,0.0868569,98.8466,549.316
bird,plate_rect,+30,formant_f3,10,0.03,0.19,6.22,22.21,25.12,0.448422,115.942,553.364
bird,soundboard,+30,formant_f3,10,0.30,0.80,2.77,5.78,10.83,6.79919,51.0422,189.61
bird,tube,+30,formant_f3,10,0.01,1.02,5.07,10.18,10.77,0.225394,94.1539,209.395
blow,bar,+30,formant_f3,10,0.02,0.13,7.14,12.27,17.34,0.405624,106.404,287.871
blow,chaotic,+30,formant_f3,10,0.05,0.32,7.48,20.42,25.81,0.941846,126.987,435.261
blow,membrane,+30,formant_f3,10,0.04,0.07,5.17,9.64,32.80,0.53915,114.498,877.149
blow,plate_circ,+30,formant_f3,10,0.00,0.07,1.86,4.03,7.36,0.0324683,24.8025,80.7458
blow,plate_rect,+30,formant_f3,10,0.41,1.54,4.66,7.69,13.00,3.43428,78.8389,217.879
blow,soundboard,+30,formant_f3,10,0.52,0.52,9.59,19.29,28.37,7.4637,153.65,595.187
blow,tube,+30,formant_f3,10,0.24,0.30,6.02,15.51,18.91,3.19588,95.9265,317.239
bow,bar,+30,formant_f3,10,0.12,0.88,10.71,27.32,50.23,1.65378,197.584,960.567
bow,chaotic,+30,formant_f3,10,0.89,1.41,6.21,10.28,16.92,15.1774,105.201,254.65
bow,membrane,+30,formant_f3,10,0.43,0.43,10.57,24.41,38.55,4.97423,183.494,650.65
bow,plate_circ,+30,formant_f3,10,1.98,2.36,8.37,18.03,19.89,37.9511,121.008,286.28
bow,plate_rect,+30,formant_f3,10,1.08,2.37,5.96,9.50,10.39,17.5827,92.1583,152.265
bow,soundboard,+30,formant_f3,10,0.04,2.01,9.27,16.07,33.28,0.714417,151.153,365.366
bow,tube,+30,formant_f3,10,0.14,0.28,10.29,18.04,30.61,2.6011,171.532,511.363
chaos,bar,+30,formant_f3,10,0.18,0.29,7.96,17.83,26.07,2.99028,116.586,327.927
chaos,chaotic,+30,formant_f3,10,0.50,0.79,4.88,9.20,14.10,8.15685,64.6136,194.389
chaos,membrane,+30,formant_f3,10,0.10,1.92,7.16,15.77,18.90,1.20654,117.985,325.426
chaos,plate_circ,+30,formant_f3,10,0.09,0.11,7.97,13.30,39.32,1.33404,103.624,310.034
chaos,plate_rect,+30,formant_f3,10,0.46,1.17,7.65,19.37,25.43,5.94407,120.595,398.65
chaos,soundboard,+30,formant_f3,10,0.06,1.13,8.82,22.09,24.80,0.891896,139.204,376.317
chaos,tube,+30,formant_f3,10,0.45,0.51,2.78,7.41,7.46,8.52178,42.8105,124.032
mechanical,bar,+30,formant_f3,10,0.11,0.54,4.24,8.64,12.06,1.72666,67.6657,209.084
mechanical,chaotic,+30,formant_f3,10,0.03,0.46,8.30,18.71,20.04,0.469001,119.256,291.097
mechanical,membrane,+30,formant_f3,10,0.21,1.64,8.74,12.97,48.79,2.79744,136.108,775.226
mechanical,plate_circ,+30,formant_f3,10,0.56,0.99,9.46,16.14,35.66,10.2079,155.73,721.009
mechanical,plate_rect,+30,formant_f3,10,0.89,1.59,9.96,20.91,21.20,20.5691,158.885,388.018
mechanical,soundboard,+30,formant_f3,10,0.22,0.66,6.58,15.63,16.16,3.7901,111.789,260.554
mechanical,tube,+30,formant_f3,10,0.85,2.10,7.46,15.62,16.29,14.0848,120.858,276.73
noise,bar,+30,formant_f3,10,0.21,0.93,6.53,10.94,29.61,3.06665,101.475,358.468
noise,chaotic,+30,formant_f3,10,0.03,1.54,7.17,16.35,16.71,0.673397,115.697,347.19
noise,membrane,+30,formant_f3,10,0.27,0.70,6.05,17.77,18.95,5.1772,107.211,375.473
noise,plate_circ,+30,formant_f3,10,0.37,0.82,9.43,19.05,25.36,3.84632,162.162,420.106
noise,plate_rect,+30,formant_f3,10,0.10,0.35,5.50,13.27,25.38,1.41997,109.378,480.274
noise,soundboard,+30,formant_f3,10,4.26,5.93,14.10,21.07,21.44,96.4362,253.948,480.233
noise,tube,+30,formant_f3,10,0.14,2.37,7.41,12.62,21.50,2.04926,128.001,350.358
pluck,bar,+30,formant_f3,10,0.03,0.41,3.22,7.23,10.10,0.406182,54.7143,206.363
pluck,chaotic,+30,formant_f3,10,0.82,1.78,7.10,17.00,20.87,11.3671,108.281,320.523
pluck,membrane,+30,formant_f3,10,0.29,0.84,7.43,13.89,19.45,3.12359,118.443,295.871
pluck,plate_circ,+30,formant_f3,10,0.02,0.16,10.35,20.00,27.62,0.216968,132.042,286.674
pluck,plate_rect,+30,formant_f3,10,0.00,0.72,5.55,12.97,24.12,0.00418659,90.0758,420.949
pluck,soundboard,+30,formant_f3,10,0.08,1.14,12.27,27.63,40.87,1.02595,213.138,935.296
pluck,tube,+30,formant_f3,10,0.23,1.35,2.97,5.03,7.49,3.72096,45.1173,107.488
shaker,bar,+30,formant_f3,10,0.61,1.25,7.47,12.38,23.39,6.83342,121.821,379.082
shaker,chaotic,+30,formant_f3,10,1.09,1.31,10.02,18.06,28.75,15.6789,159.569,439.54
shaker,membrane,+30,formant_f3,10,0.73,0.81,6.28,11.67,15.14,10.3992,101.626,302.952
shaker,plate_circ,+30,formant_f3,10,0.00,2.18,7.66,14.43,20.64,0.0709147,130.581,317.499
shaker,plate_rect,+30,formant_f3,10,1.13,1.28,9.07,17.99,20.85,15.9465,146.148,355.245
shaker,soundboard,+30,formant_f3,10,0.16,1.85,9.14,22.42,29.16,3.02771,172.032,618.812
shaker,tube,+30,formant_f3,10,4.68,5.49,8.53,13.31,14.01,82.3994,145.672,245.388
strike,bar,+30,formant_f3,10,0.19,0.47,5.99,15.58,16.64,3.07002,99.9711,276.323
strike,chaotic,+30,formant_f3,10,0.04,0.59,6.82,16.35,28.09,0.622985,109.067,425.998
strike,membrane,+30,formant_f3,10,0.22,1.01,11.45,26.26,27.28,2.12325,191.569,549.261
strike,plate_circ,+30,formant_f3,10,0.08,0.08,9.07,19.55,46.96,1.29801,140.079,803.145
strike,plate_rect,+30,formant_f3,10,0.05,0.07,5.69,22.62,31.72,0.718495,94.7077,566.723
strike,soundboard,+30,formant_f3,10,0.00,0.08,11.70,23.97,25.53,0.0184425,176.675,532.124
strike,tube,+30,formant_f3,10,0.40,0.66,5.55,14.26,18.02,7.97824,103.658,444.52
vocal,bar,+30,formant_f3,10,0.05,0.14,5.49,12.81,22.80,0.734364,97.3007,381.564
vocal,chaotic,+30,formant_f3,10,1.36,1.89,6.85,11.07,21.55,21.4716,113.736,245.585
vocal,membrane,+30,formant_f3,10,1.11,1.86,10.84,21.28,36.27,22.9316,191.428,528.023
vocal,plate_circ,+30,formant_f3,10,0.14,0.57,6.45,10.50,34.54,2.88356,116.463,618.729
vocal,plate_rect,+30,formant_f3,10,0.09,0.27,5.77,10.32,22.57,1.31047,95.6064,337.871
vocal,soundboard,+30,formant_f3,10,0.79,0.82,9.11,17.71,23.94,12.315,152.393,362.244
vocal,tube,+30,formant_f3,10,0.32,0.35,7.70,12.81,17.64,4.937,165.181,426.273
bird,bar,+30,mod_rate,10,0.00,0.27,5.02,11.45,19.21,0.000451135,0.358743,1.77886
bird,chaotic,+30,mod_rate,10,0.07,0.96,3.46,5.70,7.14,0.00260972,0.172536,0.596987
bird,membrane,+30,mod_rate,10,0.27,0.43,2.78,6.72,7.79,0.008623,0.202313,1.11604
bird,plate_circ,+30,mod_rate,10,0.32,0.98,14.21,27.34,32.58,0.0115894,0.786338,1.87007
bird,plate_rect,+30,mod_rate,10,0.30,1.10,5.45,9.14,15.42,0.0104597,0.858701,6.86817
bird,soundboard,+30,mod_rate,10,0.32,0.36,3.50,8.09,8.34,0.0115894,0.572966,4.97541
bird,tube,+30,mod_rate,10,0.00,0.57,3.91,6.62,17.28,2.46905e-05,0.990673,6.13147
blow,bar,+30,mod_rate,10,1.85,2.51,6.25,10.65,16.99,0.0516305,0.350876,1.51098
blow,chaotic,+30,mod_rate,10,0.39,0.63,5.96,10.62,19.90,0.0153749,0.332386,1.24672
blow,membrane,+30,mod_rate,10,0.58,0.71,13.51,25.49,72.66,0.0234744,1.64551,10.6129
blow,plate_circ,+30,mod_rate,10,0.36,0.48,8.80,21.85,24.16,0.0129998,0.862497,6.53717
blow,plate_rect,+30,mod_rate,10,0.61,0.86,4.74,8.21,14.50,0.00785097,0.268469,0.821713
blow,soundboard,+30,mod_rate,10,0.00,0.68,5.98,14.99,23.67,0.000123239,0.582008,3.41058
blow,tube,+30,mod_rate,10,0.00,0.00,3.50,8.38,17.71,6.31249e-06,0.243512,1.60539
bow,bar,+30,mod_rate,10,0.52,0.67,6.61,15.97,22.51,0.0208556,0.261857,1.19581
bow,chaotic,+30,mod_rate,10,0.45,1.30,6.22,10.85,12.59,0.0134192,0.180744,0.369329
bow,membrane,+30,mod_rate,10,0.34,1.61,6.94,12.51,32.13,0.011694,0.427504,2.12001
bow,plate_circ,+30,mod_rate,10,0.01,0.78,6.17,12.43,19.79,0.000305703,0.837883,4.4465
bow,plate_rect,+30,mod_rate,10,1.10,2.00,6.66,13.82,20.53,0.0315829,0.379425,0.835744
bow,soundboard,+30,mod_rate,10,0.34,1.02,6.00,11.18,17.21,0.0117129,0.233642,0.756
bow,tube,+30,mod_rate,10,0.00,0.00,3.39,7.73,10.11,2.53016e-05,0.23218,1.12127
chaos,bar,+30,mod_rate,10,0.05,1.58,6.95,15.68,17.09,0.00138469,0.322657,1.24518
chaos,chaotic,+30,mod_rate,10,0.37,0.57,4.09,9.55,14.64,0.0110766,0.103884,0.306345
chaos,membrane,+30,mod_rate,10,0.03,0.21,2.22,4.87,6.45,0.000335759,0.357675,2.12424
chaos,plate_circ,+30,mod_rate,10,0.35,2.00,5.88,12.97,15.14,0.0116215,0.160915,0.34781
chaos,plate_rect,+30,mod_rate,10,0.41,0.45,4.19,9.81,16.27,0.0185969,0.166864,0.479858
chaos,soundboard,+30,mod_rate,10,0.00,0.00,10.29,25.33,28.70,1.06303e-06,0.787607,3.15307
chaos,tube,+30,mod_rate,10,0.17,0.34,4.06,12.26,14.61,0.00456851,0.168759,0.610947
mechanical,bar,+30,mod_rate,10,0.08,0.31,7.11,15.95,25.00,0.0027214,0.243171,0.65252
mechanical,chaotic,+30,mod_rate,10,0.32,0.34,2.10,3.61,9.75,0.0104966,0.0691403,0.317227
mechanical,membrane,+30,mod_rate,10,0.08,0.80,3.77,7.54,9.66,0.00124486,0.528144,2.91785
mechanical,plate_circ,+30,mod_rate,10,0.10,0.17,2.90,7.18,13.40,0.00296797,0.0852341,0.393335
mechanical,plate_rect,+30,mod_rate,10,0.05,0.33,8.01,19.12,29.34,0.00136327,0.410127,1.68336
mechanical,soundboard,+30,mod_rate,10,0.34,0.65,2.44,4.95,4.99,0.0116449,0.0836282,0.273287
mechanical,tube,+30,mod_rate,10,0.00,0.31,4.71,8.54,19.93,6.26045e-05,0.550346,4.23755
noise,bar,+30,mod_rate,10,0.70,1.43,4.00,6.93,8.30,0.0225809,0.233007,0.849904
noise,chaotic,+30,mod_rate,10,0.44,0.69,6.06,16.12,17.12,0.0174817,0.455708,3.58518
noise,membrane,+30,mod_rate,10,0.33,0.83,5.96,13.57,21.41,0.00764221,0.563522,4.21018
noise,plate_circ,+30,mod_rate,10,1.10,1.35,12.16,20.72,55.34,0.0224414,0.84383,3.58934
noise,plate_rect,+30,mod_rate,10,0.00,0.20,7.91,17.10,32.51,1.58813e-06,0.582228,4.01804
noise,soundboard,+30,mod_rate,10,0.36,2.08,11.98,24.89,28.23,0.0116553,0.233025,0.404123
noise,tube,+30,mod_rate,10,0.03,1.33,7.65,13.58,17.87,8.06627e-06,1.1697,3.9629
pluck,bar,+30,mod_rate,10,0.50,0.53,4.19,7.29,8.46,0.0116852,0.222747,1.81797
pluck,chaotic,+30,mod_rate,10,0.00,0.07,9.63,21.60,46.15,2.38799e-05,0.169024,0.577534
pluck,membrane,+30,mod_rate,10,0.00,0.14,4.90,11.93,20.85,2.38799e-05,0.106683,0.538435
pluck,plate_circ,+30,mod_rate,10,1.26,1.91,7.91,14.63,22.17,0.0375231,0.195653,0.704485
pluck,plate_rect,+30,mod_rate,10,1.78,1.79,7.16,12.37,13.36,0.0256428,0.153615,0.304836
pluck,soundboard,+30,mod_rate,10,1.22,1.91,5.89,13.10,14.72,0.0340483,0.0989942,0.328418
pluck,tube,+30,mod_rate,10,0.00,0.07,4.80,9.09,27.03,2.38799e-05,0.194115,0.959506
shaker,bar,+30,mod_rate,10,0.00,0.69,5.25,10.43,12.64,2.13923e-05,0.484376,2.83362
shaker,chaotic,+30,mod_rate,10,3.25,5.00,8.24,14.34,17.47,0.0611434,0.518873,3.73684
shaker,membrane,+30,mod_rate,10,0.18,0.36,6.08,11.81,24.13,0.00438851,0.185701,0.768586
shaker,plate_circ,+30,mod_rate,10,0.07,0.08,3.77,9.40,10.53,0.00161312,0.121633,0.318625
shaker,plate_rect,+30,mod_rate,10,0.26,1.68,3.54,6.55,7.61,0.00657058,0.129385,0.272751
shaker,soundboard,+30,mod_rate,10,1.14,1.20,5.13,8.22,13.96,0.0278569,0.119642,0.4593
shaker,tube,+30,mod_rate,10,0.39,0.41,4.46,9.15,11.94,0.013349,0.438108,2.38285
strike,bar,+30,mod_rate,10,0.00,0.33,6.01,15.01,17.67,1.58297e-05,0.724803,4.35871
strike,chaotic,+30,mod_rate,10,0.25,1.42,7.47,12.32,49.18,0.00478678,0.298089,2.07707
strike,membrane,+30,mod_rate,10,0.39,0.80,6.06,14.32,21.45,0.0116541,0.164325,0.521666
strike,plate_circ,+30,mod_rate,10,0.59,1.14,9.63,22.88,32.76,0.0157742,0.640349,4.03536
strike,plate_rect,+30,mod_rate,10,0.00,0.72,5.33,11.88,13.96,1.58297e-05,0.129058,0.392902
strike,soundboard,+30,mod_rate,10,0.00,0.35,5.69,9.96,17.86,1.5468e-05,0.339236,1.83462
strike,tube,+30,mod_rate,10,0.00,0.21,1.94,3.78,4.78,1.59289e-05,0.333985,2.42016
vocal,bar,+30,mod_rate,10,0.00,0.69,6.22,14.42,21.06,9.26917e-05,0.204747,0.65084
vocal,chaotic,+30,mod_rate,10,0.00,0.00,2.86,4.62,18.48,1.81424e-05,0.168351,1.08988
vocal,membrane,+30,mod_rate,10,0.33,0.33,4.80,8.96,18.51,0.0116309,0.880082,4.41535
vocal,plate_circ,+30,mod_rate,10,0.17,0.46,2.01,4.35,7.31,0.00468372,0.0860184,0.34057
vocal,plate_rect,+30,mod_rate,10,0.33,0.37,5.84,10.82,13.19,0.0105095,0.245763,0.880047
vocal,soundboard,+30,mod_rate,10,0.00,0.09,4.99,12.30,14.90,2.98643e-05,0.288631,1.66219
vocal,tube,+30,mod_rate,10,0.30,0.34,2.92,7.08,9.07,0.0154094,0.616465,3.78538
bird,bar,+30,mod_depth,10,2.05,2.11,7.18,10.01,20.14,0.0052479,0.073334,0.22231
bird,chaotic,+30,mod_depth,10,0.38,0.44,9.61,24.35,28.30,0.00364361,0.0847239,0.343387
bird,membrane,+30,mod_depth,10,0.51,0.73,6.19,12.21,14.31,0.000138019,0.0777507,0.226057
bird,plate_circ,+30,mod_depth,10,0.43,3.08,12.34,26.03,42.39,0.00209561,0.0974448,0.355506
bird,plate_rect,+30,mod_depth,10,0.20,0.23,5.31,11.10,13.91,0.00180153,0.0519863,0.19812
bird,soundboard,+30,mod_depth,10,1.30,2.62,8.75,22.87,26.89,0.0149183,0.0845483,0.304809
bird,tube,+30,mod_depth,10,0.13,0.56,6.60,16.43,21.05,0.0015814,0.0643337,0.205078
blow,bar,+30,mod_depth,10,0.46,0.71,7.56,17.52,36.18,0.00592311,0.0315116,0.0720504
blow,chaotic,+30,mod_depth,10,0.13,0.89,5.69,15.98,20.15,0.00169974,0.049996,0.139765
blow,membrane,+30,mod_depth,10,0.01,0.79,6.16,10.53,24.38,0.000186855,0.0338635,0.105599
blow,plate_circ,+30,mod_depth,10,0.65,4.13,7.94,14.08,17.85,0.0086435,0.0727252,0.21178
blow,plate_rect,+30,mod_depth,10,1.44,1.69,8.36,17.40,26.12,0.0111097,0.0624194,0.198781
blow,soundboard,+30,mod_depth,10,0.89,1.21,8.50,18.59,27.60,0.00673685,0.0653119,0.338425
blow,tube,+30,mod_depth,10,0.03,0.07,5.30,9.37,27.06,1.98657e-07,0.03476,0.0884041
bow,bar,+30,mod_depth,10,0.26,1.00,4.86,8.54,9.68,0.00423932,0.034923,0.102678
bow,chaotic,+30,mod_depth,10,1.73,2.44,10.30,17.68,20.99,0.024087,0.0890828,0.177193
bow,membrane,+30,mod_depth,10,0.29,0.34,13.49,20.10,84.68,0.000805711,0.0293169,0.112863
bow,plate_circ,+30,mod_depth,10,0.78,2.86,9.36,15.30,28.19,0.00635371,0.0771335,0.26137
bow,plate_rect,+30,mod_depth,10,1.51,2.06,4.37,6.45,7.86,0.0148002,0.0501222,0.115117
bow,soundboard,+30,mod_depth,10,0.41,0.49,6.37,12.94,18.07,0.00554525,0.0677152,0.239813
bow,tube,+30,mod_depth,10,0.39,0.47,6.00,18.29,20.68,0.000681244,0.063772,0.300191
chaos,bar,+30,mod_depth,10,0.24,0.27,4.12,10.15,17.27,0.00252044,0.0282456,0.089204
chaos,chaotic,+30,mod_depth,10,0.43,0.45,7.52,22.05,34.77,0.00464576,0.0339499,0.0981666
chaos,membrane,+30,mod_depth,10,0.26,1.31,4.48,10.66,12.07,0.000343481,0.0292197,0.0819035
chaos,plate_circ,+30,mod_depth,10,0.03,0.47,4.28,8.49,11.99,0.000329439,0.0411124,0.104094
chaos,plate_rect,+30,mod_depth,10,0.03,0.08,3.07,5.91,13.22,0.000262582,0.0336921,0.127114
chaos,soundboard,+30,mod_depth,10,0.62,1.23,6.39,10.34,25.15,0.00319594,0.0498238,0.134823
chaos,tube,+30,mod_depth,10,0.26,0.35,3.97,9.23,12.74,0.00313232,0.0401457,0.174224
mechanical,bar,+30,mod_depth,10,1.10,1.37,7.77,15.99,27.80,0.00688802,0.0677501,0.199215
mechanical,chaotic,+30,mod_depth,10,0.29,0.55,4.94,12.17,12.99,0.000912741,0.0292289,0.0892692
mechanical,membrane,+30,mod_depth,10,1.02,1.75,5.42,9.91,11.88,0.00934987,0.0455929,0.10998
mechanical,plate_circ,+30,mod_depth,10,0.43,0.50,7.29,17.45,19.05,0.00555747,0.0567969,0.272342
mechanical,plate_rect,+30,mod_depth,10,1.03,3.48,6.16,10.43,10.91,0.00217125,0.0345742,0.120902
mechanical,soundboard,+30,mod_depth,10,0.12,0.70,2.87,5.05,8.15,0.00153883,0.026614,0.0606023
mechanical,tube,+30,mod_depth,10,0.06,0.54,5.30,10.36,24.94,0.000754471,0.0510476,0.145234
noise,bar,+30,mod_depth,10,0.22,0.30,4.24,10.81,11.34,0.00155382,0.0298265,0.0943337
noise,chaotic,+30,mod_depth,10,1.03,1.08,6.72,10.37,22.32,0.0124049,0.0432092,0.0811576
noise,membrane,+30,mod_depth,10,1.04,1.49,6.46,9.76,12.67,0.00443395,0.0465133,0.115227
noise,plate_circ,+30,mod_depth,10,2.03,3.60,10.02,19.13,19.67,0.00869524,0.0793318,0.203207
noise,plate_rect,+30,mod_depth,10,0.99,1.14,7.87,11.67,50.04,0.00633189,0.0341791,0.161771
noise,soundboard,+30,mod_depth,10,1.57,2.29,6.32,13.86,15.29,0.0175912,0.0591477,0.138909
noise,tube,+30,mod_depth,10,0.10,0.22,6.17,15.96,16.68,2.27453e-07,0.0596757,0.177823
pluck,bar,+30,mod_depth,10,0.21,0.29,6.56,19.04,20.78,0.0028485,0.0471054,0.130428
pluck,chaotic,+30,mod_depth,10,3.06,3.10,10.79,24.42,29.53,0.00356647,0.0651682,0.203385
pluck,membrane,+30,mod_depth,10,0.10,0.16,4.69,8.80,18.84,0.000600034,0.0310122,0.0745927
pluck,plate_circ,+30,mod_depth,10,0.69,1.47,3.74,6.31,7.36,0.000831146,0.0358135,0.101452
pluck,plate_rect,+30,mod_depth,10,0.08,0.18,2.20,3.61,5.19,0.000511018,0.0259412,0.0828221
pluck,soundboard,+30,mod_depth,10,0.58,1.03,5.19,8.03,18.65,0.00323613,0.0565447,0.226091
pluck,tube,+30,mod_depth,10,0.38,1.05,2.57,4.16,8.40,0.00129857,0.0266868,0.10477
shaker,bar,+30,mod_depth,10,0.93,1.39,7.38,12.15,22.56,0.00191799,0.0450097,0.122774
shaker,chaotic,+30,mod_depth,10,0.34,3.24,8.73,20.01,20.41,0.00353136,0.0600262,0.192369
shaker,membrane,+30,mod_depth,10,0.14,1.16,6.75,15.92,18.35,0.00173711,0.043119,0.151692
shaker,plate_circ,+30,mod_depth,10,0.45,0.52,7.88,15.30,28.98,0.0041801,0.021549,0.090647
shaker,plate_rect,+30,mod_depth,10,1.20,2.35,8.70,20.02,26.07,0.000966192,0.0590234,0.147564
shaker,soundboard,+30,mod_depth,10,1.33,1.67,7.68,18.72,20.14,0.0165463,0.0749049,0.193925
shaker,tube,+30,mod_depth,10,0.30,1.83,8.64,17.56,40.94,0.0050062,0.066773,0.376984
strike,bar,+30,mod_depth,10,0.13,0.13,4.02,10.13,16.34,3.98955e-05,0.0374531,0.177114
strike,chaotic,+30,mod_depth,10,0.01,1.13,5.98,17.18,20.20,0.000102705,0.039666,0.130203
strike,membrane,+30,mod_depth,10,2.13,3.02,7.97,14.85,18.69,0.0233507,0.0761074,0.191651
strike,plate_circ,+30,mod_depth,10,1.13,2.75,5.62,9.43,11.30,0.00336456,0.0384858,0.0877186
strike,plate_rect,+30,mod_depth,10,0.28,0.63,7.92,17.42,25.58,0.000295295,0.0587798,0.181235
strike,soundboard,+30,mod_depth,10,0.35,0.64,8.13,16.66,26.77,0.00435057,0.0479276,0.0952372
strike,tube,+30,mod_depth,10,0.16,0.91,5.29,11.58,15.62,0.0020473,0.0371345,0.135353
vocal,bar,+30,mod_depth,10,0.31,0.85,9.07,18.91,25.01,0.00229653,0.0784483,0.296926
vocal,chaotic,+30,mod_depth,10,0.27,0.41,5.23,8.46,11.35,0.00346257,0.042996,0.106772
vocal,membrane,+30,mod_depth,10,0.16,0.29,5.38,15.90,21.33,0.00238057,0.0316295,0.0955445
vocal,plate_circ,+30,mod_depth,10,0.60,1.28,8.01,17.58,35.49,0.00284274,0.0358358,0.0900971
vocal,plate_rect,+30,mod_depth,10,0.32,0.51,5.74,12.80,21.92,0.000244808,0.0532216,0.185835
vocal,soundboard,+30,mod_depth,10,1.06,1.43,7.49,16.22,17.97,0.00381005,0.0412311,0.130099
vocal,tube,+30,mod_depth,10,1.73,2.74,6.98,11.72,13.35,0.0156682,0.0606373,0.135325
bird,bar,+30,attack_time,10,0.01,0.52,8.08,14.33,17.58,0.000144556,0.0219793,0.0548958
bird,chaotic,+30,attack_time,10,0.67,2.34,8.50,18.21,18.33,0.00498788,0.165727,0.454167
bird,membrane,+30,attack_time,10,1.49,5.15,10.81,18.22,28.96,0.00497896,0.212408,0.818094
bird,plate_circ,+30,attack_time,10,2.48,2.48,6.81,11.49,15.28,0.0049781,0.0498791,0.12961
bird,plate_rect,+30,attack_time,10,2.82,7.16,10.06,15.92,17.42,0.00497896,0.164641,0.529395
bird,soundboard,+30,attack_time,10,2.66,4.56,13.44,20.93,29.23,0.00498904,0.0483891,0.169613
bird,tube,+30,attack_time,10,0.00,5.14,9.10,14.01,14.62,7.87052e-07,0.132625,0.617929
blow,bar,+30,attack_time,10,0.56,1.47,4.40,8.79,10.55,0.00499718,0.0354015,0.104957
blow,chaotic,+30,attack_time,10,1.12,1.23,5.68,9.21,14.26,0.0049769,0.0936723,0.44837
blow,membrane,+30,attack_time,10,0.00,3.01,12.30,25.50,37.36,1.1649e-06,0.220968,0.713376
blow,plate_circ,+30,attack_time,10,1.73,1.87,5.49,8.59,8.59,0.00498001,0.0409114,0.139676
blow,plate_rect,+30,attack_time,10,0.01,0.01,6.33,14.73,22.07,4.29682e-06,0.149111,1.05681
blow,soundboard,+30,attack_time,10,0.00,0.44,8.49,18.81,19.07,1.57401e-05,0.203827,1.64379
blow,tube,+30,attack_time,10,0.00,0.01,3.61,7.41,14.58,9.19362e-06,0.040461,0.145196
bow,bar,+30,attack_time,10,3.39,3.97,9.73,15.34,19.39,0.0099956,0.201992,1.19242
bow,chaotic,+30,attack_time,10,0.01,2.14,8.75,18.61,23.52,1.82742e-05,0.176091,0.78318
bow,membrane,+30,attack_time,10,0.00,0.02,7.36,21.81,21.85,1.24338e-06,0.0808147,0.409108
bow,plate_circ,+30,attack_time,10,1.27,1.87,9.49,21.91,23.32,0.0248574,0.312355,1.11759
bow,plate_rect,+30,attack_time,10,3.23,3.46,8.31,14.88,17.97,0.010001,0.149531,0.378822
bow,soundboard,+30,attack_time,10,0.00,0.55,7.58,16.99,20.15,1.24338e-06,0.0564233,0.304796
bow,tube,+30,attack_time,10,0.00,0.00,3.32,6.23,15.20,1.24338e-06,0.034953,0.0947354
chaos,bar,+30,attack_time,10,2.16,2.38,4.97,6.29,18.27,0.0049869,0.167689,0.763478
chaos,chaotic,+30,attack_time,10,0.00,1.52,3.71,5.79,9.83,2.44954e-06,0.0699941,0.205319
chaos,membrane,+30,attack_time,10,1.20,1.37,4.40,7.97,8.90,0.00998006,0.0805225,0.36955
chaos,plate_circ,+30,attack_time,10,0.00,1.12,6.91,13.29,20.47,6.76019e-05,0.041404,0.119623
chaos,plate_rect,+30,attack_time,10,0.00,0.82,5.83,11.96,12.70,1.94628e-06,0.107178,0.379
chaos,soundboard,+30,attack_time,10,0.00,0.01,6.35,14.46,16.15,1.15693e-05,0.0663351,0.264389
chaos,tube,+30,attack_time,10,0.00,2.02,3.76,5.85,7.87,8.07232e-06,0.0279323,0.119655
mechanical,bar,+30,attack_time,10,0.00,0.00,4.76,10.41,14.55,2.15106e-06,0.0523931,0.254335
mechanical,chaotic,+30,attack_time,10,0.74,2.49,7.50,11.86,12.85,0.00496788,0.0319169,0.179508
mechanical,membrane,+30,attack_time,10,0.00,0.00,5.29,15.05,20.23,5.0128e-06,0.0604543,0.124707
mechanical,plate_circ,+30,attack_time,10,0.01,1.03,6.49,14.34,18.98,1.37612e-05,0.0353579,0.119722
mechanical,plate_rect,+30,attack_time,10,1.13,1.46,8.84,14.14,21.18,0.00498018,0.135155,0.31924
mechanical,soundboard,+30,attack_time,10,2.00,2.17,5.34,6.92,9.04,0.00498146,0.0299331,0.129733
mechanical,tube,+30,attack_time,10,0.00,0.00,3.03,5.49,8.45,2.85589e-06,0.0353928,0.169303
noise,bar,+30,attack_time,10,1.68,1.98,5.40,9.12,9.74,0.00500966,0.0274374,0.0947338
noise,chaotic,+30,attack_time,10,0.99,1.36,5.64,10.44,16.25,0.00497548,0.0713557,0.394084
noise,membrane,+30,attack_time,10,0.83,2.77,6.80,14.41,19.33,0.00500665,0.0528574,0.14467
noise,plate_circ,+30,attack_time,10,0.83,2.64,6.19,10.03,18.01,0.00497954,0.0892648,0.314303
noise,plate_rect,+30,attack_time,10,0.01,1.46,9.54,16.79,20.10,1.79869e-05,0.14761,0.518772
noise,soundboard,+30,attack_time,10,0.01,0.01,3.78,8.15,10.90,1.31783e-05,0.0618231,0.27897
noise,tube,+30,attack_time,10,1.60,2.13,6.38,12.00,17.46,0.0149603,0.126777,0.584089
pluck,bar,+30,attack_time,10,0.00,0.01,2.77,5.89,5.99,3.30255e-06,0.00999333,0.0450033
pluck,chaotic,+30,attack_time,10,0.00,0.00,2.66,5.27,9.72,1.73709e-07,0.00897494,0.0299291
pluck,membrane,+30,attack_time,10,0.00,0.01,4.88,17.70,18.66,1.73709e-07,0.0104763,0.0498812
pluck,plate_circ,+30,attack_time,10,0.89,3.36,9.89,18.48,34.51,0.00494166,0.0139731,0.0249938
pluck,plate_rect,+30,attack_time,10,0.00,0.00,1.98,5.50,10.32,2.72741e-07,0.00348766,0.0149485
pluck,soundboard,+30,attack_time,10,0.00,0.00,5.39,14.62,17.84,5.06478e-07,0.0274429,0.159724
pluck,tube,+30,attack_time,10,0.00,0.01,2.51,7.78,10.32,1.73709e-07,0.00449618,0.0149505
shaker,bar,+30,attack_time,10,0.01,1.15,8.77,17.10,17.71,1.25347e-05,0.0514125,0.1547
shaker,chaotic,+30,attack_time,10,0.00,1.00,7.34,15.12,16.61,1.31644e-06,0.0384033,0.0897524
shaker,membrane,+30,attack_time,10,0.00,2.33,7.79,12.74,18.24,5.40175e-06,0.0379037,0.129639
shaker,plate_circ,+30,attack_time,10,1.07,1.14,7.14,15.57,15.64,0.00497338,0.0459154,0.164803
shaker,plate_rect,+30,attack_time,10,0.01,1.75,6.49,10.87,15.53,1.25347e-05,0.0453967,0.184587
shaker,soundboard,+30,attack_time,10,4.06,5.69,12.32,21.63,25.31,0.00997015,0.0548171,0.323722
shaker,tube,+30,attack_time,10,0.00,2.03,10.75,30.63,30.98,3.43171e-06,0.0329367,0.0997389
strike,bar,+30,attack_time,10,0.00,0.00,7.28,15.13,17.92,1.83281e-06,0.0239689,0.124917
strike,chaotic,+30,attack_time,10,0.01,1.50,8.38,14.98,16.20,1.83281e-06,0.0319285,0.16466
strike,membrane,+30,attack_time,10,0.74,2.94,10.56,17.40,30.66,0.00499142,0.0344495,0.064859
strike,plate_circ,+30,attack_time,10,0.00,0.01,9.27,17.43,31.94,7.80876e-07,0.0428668,0.149591
strike,plate_rect,+30,attack_time,10,0.01,0.01,7.51,17.45,19.86,1.83281e-06,0.0409122,0.249474
strike,soundboard,+30,attack_time,10,0.00,0.00,10.86,19.31,59.71,8.61921e-07,0.0189454,0.11471
strike,tube,+30,attack_time,10,0.00,0.01,3.46,5.88,14.82,1.21156e-06,0.0144525,0.0548131
vocal,bar,+30,attack_time,10,0.00,2.75,8.84,14.75,16.05,5.60262e-06,0.199902,0.537762
vocal,chaotic,+30,attack_time,10,0.01,0.01,5.32,9.43,16.11,2.17927e-05,0.141192,0.962935
vocal,membrane,+30,attack_time,10,3.41,3.42,6.18,12.17,13.31,0.00498812,0.10822,0.478436
vocal,plate_circ,+30,attack_time,10,0.34,1.52,10.27,20.91,21.30,0.00959357,0.0593402,0.189833
vocal,plate_rect,+30,attack_time,10,0.00,0.33,8.47,18.98,28.41,5.43991e-07,0.0583665,0.254516
vocal,soundboard,+30,attack_time,10,0.00,0.01,7.20,16.58,36.96,5.7179e-06,0.0623946,0.264297
vocal,tube,+30,attack_time,10,0.00,1.10,8.55,13.98,27.22,9.80146e-06,0.190385,1.01679
bird,bar,+30,decay_time,10,0.38,0.53,5.82,14.49,15.19,0.00498352,0.125619,0.653601
bird,chaotic,+30,decay_time,10,0.05,0.68,5.78,12.04,13.13,0.00404823,0.187046,0.454072
bird,membrane,+30,decay_time,10,0.74,1.19,6.24,15.34,29.43,0.00994275,0.284049,1.10249
bird,plate_circ,+30,decay_time,10,0.78,2.07,7.79,19.26,20.48,0.00500714,0.348062,1.21614
bird,plate_rect,+30,decay_time,10,0.83,0.95,8.35,20.61,21.46,0.0199342,0.216865,0.683411
bird,soundboard,+30,decay_time,10,0.81,1.25,5.95,11.25,18.59,0.0149825,0.174097,0.812801
bird,tube,+30,decay_time,10,0.01,0.02,6.37,11.13,18.52,2.29072e-05,0.0863408,0.259377
blow,bar,+30,decay_time,10,0.01,0.28,5.87,14.76,20.25,7.36082e-05,0.188037,0.409906
blow,chaotic,+30,decay_time,10,1.52,2.71,5.93,11.93,13.12,0.00500829,0.140575,1.0417
blow,membrane,+30,decay_time,10,1.04,1.36,10.22,23.99,25.80,0.0298829,0.349257,1.51153
blow,plate_circ,+30,decay_time,10,1.19,1.66,4.56,6.58,7.61,0.00495738,0.158724,0.534456
blow,plate_rect,+30,decay_time,10,0.16,0.72,4.31,9.98,12.51,0.00945554,0.195287,1.04168
blow,soundboard,+30,decay_time,10,1.25,2.76,8.31,13.83,14.77,0.0200076,0.22536,1.07232
blow,tube,+30,decay_time,10,2.43,2.88,7.20,11.26,12.89,0.00499486,0.0797902,0.279193
bow,bar,+30,decay_time,10,0.63,1.12,5.90,12.49,16.38,0.00998135,0.194879,0.632671
bow,chaotic,+30,decay_time,10,0.41,0.93,4.45,8.32,12.54,0.0249127,0.151996,0.528838
bow,membrane,+30,decay_time,10,1.61,2.06,5.08,11.24,11.72,0.0249502,0.271298,0.977818
bow,plate_circ,+30,decay_time,10,0.18,1.12,6.98,14.97,15.53,0.00998764,0.197424,0.887041
bow,plate_rect,+30,decay_time,10,1.99,2.54,7.67,12.55,18.23,0.0249792,0.109273,0.19953
bow,soundboard,+30,decay_time,10,1.00,1.75,4.81,7.44,10.92,0.00997479,0.194014,0.613644
bow,tube,+30,decay_time,10,0.01,1.35,5.34,10.33,11.76,2.70923e-05,0.123706,0.668474
chaos,bar,+30,decay_time,10,0.60,1.80,5.11,9.92,15.23,0.00494203,0.160661,0.73874
chaos,chaotic,+30,decay_time,10,0.00,0.52,4.65,8.35,19.46,9.16965e-05,0.231884,1.42642
chaos,membrane,+30,decay_time,10,0.19,0.38,4.32,8.90,9.06,0.0049511,0.0692754,0.269119
chaos,plate_circ,+30,decay_time,10,1.15,1.47,6.60,11.98,21.64,0.0150214,0.212552,1.30207
chaos,plate_rect,+30,decay_time,10,0.62,1.17,2.56,4.98,5.25,0.00997021,0.0428799,0.194412
chaos,soundboard,+30,decay_time,10,0.62,1.16,5.52,10.19,10.57,0.00502411,0.0918802,0.534633
chaos,tube,+30,decay_time,10,0.01,0.14,5.00,13.22,14.29,2.56248e-05,0.0349925,0.144659
mechanical,bar,+30,decay_time,10,1.01,1.21,7.57,17.34,18.12,0.00493238,0.201486,0.852614
mechanical,chaotic,+30,decay_time,10,0.01,1.28,4.36,9.14,9.98,4.86055e-05,0.124314,0.753454
mechanical,membrane,+30,decay_time,10,0.00,0.33,4.02,9.66,11.23,1.18623e-05,0.0883499,0.199428
mechanical,plate_circ,+30,decay_time,10,0.05,0.46,3.90,8.16,8.63,0.00453481,0.0856178,0.312921
mechanical,plate_rect,+30,decay_time,10,0.06,0.17,3.14,7.42,8.46,0.00501749,0.160291,0.553784
mechanical,soundboard,+30,decay_time,10,0.92,1.49,5.33,8.79,9.61,0.0199329,0.126168,0.413472
mechanical,tube,+30,decay_time,10,0.00,2.27,9.33,18.25,22.35,8.36602e-06,0.226976,1.51638
noise,bar,+30,decay_time,10,1.38,3.72,9.53,17.33,26.31,0.0149858,0.163608,0.448972
noise,chaotic,+30,decay_time,10,0.31,1.03,4.96,10.49,13.81,0.00492754,0.121698,0.58369
noise,membrane,+30,decay_time,10,1.36,1.86,6.43,9.70,13.24,0.0199596,0.250549,0.768006
noise,plate_circ,+30,decay_time,10,0.54,0.96,7.96,16.13,29.90,0.0150075,0.16169,0.873464
noise,plate_rect,+30,decay_time,10,0.22,0.30,7.71,14.09,14.94,0.0190282,0.175486,0.493454
noise,soundboard,+30,decay_time,10,3.98,4.17,7.73,11.72,19.95,0.0399037,0.265998,0.793581
noise,tube,+30,decay_time,10,0.46,1.03,7.39,15.47,24.27,0.00495793,0.0987838,0.394088
pluck,bar,+30,decay_time,10,0.98,1.59,6.01,11.29,19.45,0.00491729,0.198035,0.907624
pluck,chaotic,+30,decay_time,10,0.21,0.67,5.35,10.16,18.67,0.00991829,0.207598,1.078
pluck,membrane,+30,decay_time,10,0.11,0.62,5.88,15.51,16.63,0.00495947,0.106821,0.424065
pluck,plate_circ,+30,decay_time,10,1.93,2.75,6.11,11.25,12.08,0.0348625,0.164053,0.4088
pluck,plate_rect,+30,decay_time,10,0.48,0.93,5.44,10.56,10.66,0.00504573,0.153596,0.309192
pluck,soundboard,+30,decay_time,10,0.25,1.67,5.57,8.37,15.19,0.00500834,0.186131,0.354202
pluck,tube,+30,decay_time,10,0.06,0.31,2.88,9.00,10.13,0.00502425,0.042413,0.184599
shaker,bar,+30,decay_time,10,1.03,1.12,4.66,8.02,13.39,0.014955,0.185078,0.528505
shaker,chaotic,+30,decay_time,10,1.09,2.66,5.51,9.88,11.03,0.074877,0.256464,0.743379
shaker,membrane,+30,decay_time,10,0.00,0.15,7.26,14.24,17.79,4.88877e-05,0.272927,0.867967
shaker,plate_circ,+30,decay_time,10,0.05,0.46,3.32,6.22,7.00,0.00514141,0.145928,0.39959
shaker,plate_rect,+30,decay_time,10,0.31,0.74,4.56,9.96,11.16,0.00998477,0.224186,0.638973
shaker,soundboard,+30,decay_time,10,0.50,0.97,5.16,9.96,15.31,0.014955,0.125157,0.363984
shaker,tube,+30,decay_time,10,0.00,0.50,5.46,10.13,22.98,2.74147e-06,0.07029,0.173978
strike,bar,+30,decay_time,10,0.01,0.96,4.24,10.80,11.99,0.000923584,0.13623,0.778007
strike,chaotic,+30,decay_time,10,0.22,0.24,5.96,11.24,12.40,0.00496526,0.205487,0.788052
strike,membrane,+30,decay_time,10,1.12,1.33,6.50,11.18,16.48,0.0149782,0.252444,1.02301
strike,plate_circ,+30,decay_time,10,0.00,0.21,4.45,9.96,11.09,5.83994e-05,0.180151,0.594096
strike,plate_rect,+30,decay_time,10,0.01,0.05,5.71,12.76,17.45,6.47189e-05,0.146265,0.334434
strike,soundboard,+30,decay_time,10,0.06,0.73,4.10,7.86,8.10,0.00591225,0.130358,0.649084
strike,tube,+30,decay_time,10,0.16,0.93,5.14,9.71,11.97,0.00991969,0.0558806,0.199814
vocal,bar,+30,decay_time,10,0.01,0.33,7.03,11.86,12.91,0.00116329,0.157984,0.349422
vocal,chaotic,+30,decay_time,10,0.31,0.54,4.37,11.54,13.97,0.00998676,0.0613626,0.204228
vocal,membrane,+30,decay_time,10,0.01,1.36,4.61,7.90,10.57,5.4162e-05,0.142144,0.493691
vocal,plate_circ,+30,decay_time,10,0.10,0.15,3.30,6.67,10.74,0.00504487,0.106155,0.293273
vocal,plate_rect,+30,decay_time,10,0.34,1.82,9.17,14.24,30.44,0.0149112,0.370931,1.81965
vocal,soundboard,+30,decay_time,10,0.11,2.61,5.83,10.39,11.09,0.0107545,0.211228,0.538788
vocal,tube,+30,decay_time,10,0.01,1.83,6.79,12.47,30.04,6.76234e-05,0.0738381,0.349236
bird,bar,+30,pitch,6,0.00,0.02,0.14,0.33,0.53,0.00288464,4.25759,15.7745
bird,chaotic,+30,pitch,5,0.04,0.05,0.23,0.53,0.77,0.633264,5.2731,20.5271
bird,membrane,+30,pitch,4,0.04,0.04,0.25,0.57,0.74,1.00247,6.96147,13.241
bird,plate_circ,+30,pitch,3,0.01,0.01,0.07,0.15,0.19,0.0773568,2.31693,5.8797
bird,plate_rect,+30,pitch,7,0.02,0.02,0.24,0.45,0.45,0.806852,7.51389,18.6299
bird,soundboard,+30,pitch,8,0.02,0.03,0.27,0.77,0.91,0.990805,9.58395,34.4457
bird,tube,+30,pitch,5,0.01,0.03,0.15,0.33,0.44,0.137069,6.24158,18.8543
blow,bar,+30,pitch,5,0.00,0.00,0.05,0.11,0.12,0.00177467,0.242044,0.505873
blow,chaotic,+30,pitch,7,0.00,0.01,0.15,0.44,0.83,0.00680131,3.43885,19.9515
blow,membrane,+30,pitch,7,0.00,0.01,0.05,0.11,0.21,0.0234042,0.618188,3.63536
blow,plate_circ,+30,pitch,7,0.01,0.01,0.11,0.31,0.41,0.0210501,0.989562,4.51473
blow,plate_rect,+30,pitch,7,0.00,0.00,0.11,0.32,0.36,0.00097465,3.03041,11.5697
blow,soundboard,+30,pitch,7,0.00,0.01,0.10,0.24,0.56,0.00648121,2.65349,17.3509
blow,tube,+30,pitch,7,0.00,0.00,0.03,0.07,0.16,0.00619642,0.131703,0.797846
bow,bar,+30,pitch,7,0.01,0.01,0.04,0.08,0.09,0.0446116,0.76004,2.81786
bow,chaotic,+30,pitch,8,0.00,0.00,0.11,0.26,0.58,0.000753286,1.26921,6.15412
bow,membrane,+30,pitch,6,0.00,0.01,0.02,0.05,0.05,0.0652643,0.457755,0.962519
bow,plate_circ,+30,pitch,4,0.00,0.01,0.04,0.08,0.09,0.0126194,0.816427,2.87967
bow,plate_rect,+30,pitch,9,0.01,0.01,0.08,0.19,0.28,0.026029,1.19528,3.5538
bow,soundboard,+30,pitch,7,0.02,0.02,0.09,0.18,0.19,0.221757,1.69375,3.4196
bow,tube,+30,pitch,8,0.00,0.01,0.03,0.06,0.08,0.013655,0.366756,1.66433
chaos,bar,+30,pitch,5,0.01,0.01,0.06,0.12,0.14,0.0156451,0.731987,2.93942
chaos,chaotic,+30,pitch,9,0.00,0.02,0.12,0.21,0.63,0.00560017,1.87731,13.3738
chaos,membrane,+30,pitch,7,0.01,0.01,0.27,0.61,0.67,0.016565,3.51754,14.0058
chaos,plate_circ,+30,pitch,8,0.01,0.01,0.14,0.34,0.57,0.021673,1.3174,5.92607
chaos,plate_rect,+30,pitch,8,0.00,0.00,0.07,0.16,0.21,8.04006e-05,0.503733,1.58611
chaos,soundboard,+30,pitch,10,0.01,0.02,0.08,0.17,0.26,0.0428106,1.32707,5.13046
chaos,tube,+30,pitch,8,0.01,0.02,0.12,0.25,0.26,0.0261741,1.30733,5.62037
mechanical,bar,+30,pitch,4,0.00,0.00,0.05,0.13,0.18,0.0037406,5.03199,19.0103
mechanical,chaotic,+30,pitch,4,0.01,0.01,0.18,0.44,0.59,0.202928,1.48429,4.10642
mechanical,membrane,+30,pitch,1,0.03,0.03,0.03,0.03,0.03,1.11656,1.11656,1.11656
mechanical,plate_circ,+30,pitch,4,0.01,0.03,0.10,0.18,0.20,0.0510576,8.329,30.3474
mechanical,plate_rect,+30,pitch,3,0.01,0.01,0.01,0.02,0.02,0.154647,0.5958,1.39971
mechanical,soundboard,+30,pitch,9,0.02,0.02,0.14,0.33,0.40,0.65207,8.05545,43.9284
mechanical,tube,+30,pitch,4,0.00,0.00,0.06,0.12,0.13,0.0164566,3.33799,11.9676
noise,bar,+30,pitch,4,2.08,3.12,8.25,15.42,19.52,54.4315,122.643,191.106
noise,chaotic,+30,pitch,4,0.52,0.96,3.31,6.54,8.33,2.63155,93.8867,160.798
noise,membrane,+30,pitch,1,3.47,3.47,3.47,3.47,3.47,7.22886,7.22886,7.22886
noise,plate_circ,+30,pitch,5,0.85,2.57,9.75,19.62,26.47,20.9067,133.107,233.982
noise,plate_rect,+30,pitch,2,3.98,5.95,13.83,21.72,23.69,40.1274,193.801,347.475
noise,soundboard,+30,pitch,3,1.64,1.97,2.89,3.65,3.74,19.5298,32.0665,53.833
noise,tube,+30,pitch,3,5.64,6.64,14.65,24.27,27.67,23.3131,210.15,434.907
pluck,bar,+30,pitch,9,0.00,0.00,0.03,0.07,0.09,0.00215889,0.536528,1.73435
pluck,chaotic,+30,pitch,8,0.00,0.00,0.11,0.32,0.67,0.014402,3.4206,23.1698
pluck,membrane,+30,pitch,9,0.00,0.01,0.02,0.05,0.06,0.0231242,0.548556,2.21773
pluck,plate_circ,+30,pitch,4,0.00,0.00,0.01,0.02,0.03,0.00256628,0.213959,0.611929
pluck,plate_rect,+30,pitch,8,0.00,0.00,0.02,0.03,0.03,0.0112465,0.173208,0.42151
pluck,soundboard,+30,pitch,6,0.00,0.00,0.08,0.22,0.39,0.00123316,1.69402,8.33798
pluck,tube,+30,pitch,10,0.00,0.00,0.02,0.05,0.06,0.00067946,0.225363,0.739636
shaker,bar,+30,pitch,3,0.39,0.82,3.92,7.59,8.86,7.29589,150.59,242.117
shaker,chaotic,+30,pitch,3,2.78,3.17,4.42,5.55,5.76,74.5472,107.238,127.471
shaker,membrane,+30,pitch,6,1.56,1.88,4.47,8.35,10.68,19.5431,211.603,862.241
shaker,plate_circ,+30,pitch,3,0.04,0.09,0.41,0.78,0.90,0.534039,7.96374,17.5035
shaker,plate_rect,+30,pitch,7,0.01,0.24,5.45,12.32,21.27,0.157076,95.5875,210.348
shaker,soundboard,+30,pitch,2,2.51,3.50,7.47,11.44,12.43,14.339,161.082,307.825
shaker,tube,+30,pitch,6,0.03,0.27,5.43,12.38,12.91,1.76947,95.7305,301.072
strike,bar,+30,pitch,4,0.01,0.02,0.04,0.08,0.10,0.162896,1.25118,2.3812
strike,chaotic,+30,pitch,6,0.00,0.01,0.10,0.26,0.48,0.0911739,3.50832,18.7666
strike,membrane,+30,pitch,2,0.15,0.16,0.21,0.26,0.27,0.493084,2.32778,4.16247
strike,plate_circ,+30,pitch,4,0.00,0.02,0.19,0.47,0.63,0.0578106,0.725931,1.95292
strike,plate_rect,+30,pitch,4,0.00,0.01,0.08,0.14,0.15,0.103336,1.26589,2.36124
strike,soundboard,+30,pitch,6,0.02,0.02,0.14,0.36,0.68,0.0663751,1.414,5.59824
strike,tube,+30,pitch,6,0.00,0.01,0.11,0.29,0.47,0.0122023,1.96689,7.32092
vocal,bar,+30,pitch,4,0.01,0.01,0.06,0.15,0.20,0.0110133,0.288191,0.820961
vocal,chaotic,+30,pitch,6,0.00,0.01,0.25,0.63,1.00,0.0247272,2.19881,7.7517
vocal,membrane,+30,pitch,6,0.03,0.03,0.16,0.28,0.31,0.0575232,1.15695,3.10418
vocal,plate_circ,+30,pitch,4,0.01,0.01,0.02,0.04,0.05,0.0143026,0.162829,0.334809
vocal,plate_rect,+30,pitch,5,0.00,0.00,0.12,0.33,0.50,0.000641621,0.813093,2.27642
vocal,soundboard,+30,pitch,2,0.05,0.08,0.18,0.29,0.32,0.162338,0.34313,0.523921
vocal,tube,+30,pitch,4,0.05,0.05,0.23,0.53,0.73,0.100343,0.667915,1.3293
